Team,Player,Position,Starter
49ers,Deommodore Lenoir,CB,TRUE
49ers,Renardo Green,CB,TRUE
49ers,Upton Stout,CB,TRUE
49ers,Alfred Collins,DT,TRUE
49ers,Osa Odighizuwa,DT,TRUE
49ers,Mykel Williams,ED,TRUE
49ers,Nick Bosa,ED,TRUE
49ers,Connor Colby,IOL,TRUE
49ers,Dominick Puni,IOL,TRUE
49ers,Jake Brendel,IOL,TRUE
49ers,Dee Winters,LB,TRUE
49ers,Fred Warner,LB,TRUE
49ers,Colton McKivitz,OT,TRUE
49ers,Trent Williams,OT,TRUE
49ers,Brock Purdy,QB,TRUE
49ers,Christian McCaffrey,RB,TRUE
49ers,Ji'Ayir Brown,S,TRUE
49ers,Malik Mustapha,S,TRUE
49ers,George Kittle,TE,TRUE
49ers,Christian Kirk,WR,TRUE
49ers,Mike Evans,WR,TRUE
49ers,Ricky Pearsall,WR,TRUE
49ers,Darrell Luter Jr.,CB,
49ers,Eli Apple,CB,
49ers,Jakob Robinson,CB,
49ers,Nate Hobbs,CB,
49ers,Siran Neal,CB,
49ers,Tre Tomlinson,CB,
49ers,C.J. West,DT,
49ers,Evan Anderson,DT,
49ers,Sebastian Valdez,DT,
49ers,Andrew Farmer II,ED,
49ers,Keion White,ED,
49ers,Sam Okuayinonu,ED,
49ers,William Bradley-King,ED,
49ers,Kyle Juszczyk,FB,
49ers,Brett Toth,IOL,
49ers,Drake Nugent,IOL,
49ers,Nick Zakelj,IOL,
49ers,Rob Jones,IOL,
49ers,Eddy Piñeiro,K,
49ers,Dre Greenlaw,LB,
49ers,Garret Wallow,LB,
49ers,Jalen Graham,LB,
49ers,Luke Gifford,LB,
49ers,Milo Eifler,LB,
49ers,Nick Martin,LB,
49ers,Tatum Bethune,LB,
49ers,Jon Weeks,LS,
49ers,Zach Thomas,IOL,
49ers,Austen Pleasants,OT,
49ers,Brandon Parker,OT,
49ers,Isaac Alarcon,OT,
49ers,Vederian Lowe,OT,
49ers,Corliss Waitman,P,
49ers,Adrian Martinez,QB,
49ers,Kurtis Rourke,QB,
49ers,Mac Jones,QB,
49ers,Isaac Guerendo,RB,
49ers,Jordan James,RB,
49ers,Patrick Taylor Jr.,RB,
49ers,Darrick Forrest,S,
49ers,Derrick Canteen,S,
49ers,Marques Sigle,S,
49ers,Brayden Willis,TE,
49ers,Hayden Rucci,TE,
49ers,Jake Tonges,TE,
49ers,Luke Farrell,TE,
49ers,Colton Dowell,WR,
49ers,Demarcus Robinson,WR,
49ers,Jacob Cowing,WR,
49ers,Jordan Watkins,WR,
49ers,Junior Bergen,WR,
49ers,Malik Turner,WR,
Bears,Jaylon Johnson,CB,TRUE
Bears,Kyler Gordon,CB,TRUE
Bears,Tyrique Stevenson,CB,TRUE
Bears,Gervon Dexter Sr.,DT,TRUE
Bears,Grady Jarrett,DT,TRUE
Bears,Dayo Odeyingbo (Motivated?),ED,TRUE
Bears,Montez Sweat,ED,TRUE
Bears,Garrett Bradbury,IOL,TRUE
Bears,Joe Thuney,IOL,TRUE
Bears,Jonah Jackson,IOL,TRUE
Bears,Devin Bush,LB,TRUE
Bears,T.J. Edwards,LB,TRUE
Bears,Darnell Wright,OT,TRUE
Bears,Theo Benedet,OT,TRUE
Bears,Caleb Williams,QB,TRUE
Bears,D'Andre Swift,RB,TRUE
Bears,Cam Lewis,S,TRUE
Bears,Coby Bryant,S,TRUE
Bears,Colston Loveland,TE,TRUE
Bears,Kalif Raymond,WR,TRUE
Bears,Luther Burden III,WR,TRUE
Bears,Rome Odunze,WR,TRUE
Bears,Dallis Flowers,CB,
Bears,Dontae Manning,CB,
Bears,Jaylon Jones,CB,
Bears,Josh Blackwell,CB,
Bears,Terell Smith,CB,
Bears,Zah Frazier,CB,
Bears,James Lynch,DT,
Bears,Kentavius Street,DT,
Bears,Neville Gallimore,DT,
Bears,Shemar Turner,DT,
Bears,Austin Booker,ED,
Bears,Daniel Hardy,ED,
Bears,Jamree Kromah,ED,
Bears,Jeremiah Martin,ED,
Bears,Jonathan Garvin,ED,
Bears,Jordan McFadden,IOL,
Bears,Kyle Hergel,IOL,
Bears,Luke Newman,IOL,
Bears,Cairo Santos,K,
Bears,D'Marco Jackson,LB,
Bears,Dominique Hampton,LB,
Bears,Jack Sanborn,LB,
Bears,Nephi Sewell,LB,
Bears,Noah Sewell,LB,
Bears,Ruben Hyppolite II,LB,
Bears,Luke Elkin,LS,
Bears,Kiran Amegadjie,IOL,
Bears,Braxton Jones,OT,
Bears,Jedrick Wills Jr.,OT,
Bears,Ozzy Trapilo,OT,
Bears,Tory Taylor,P,
Bears,Case Keenum,QB,
Bears,Tyson Bagent,QB,
Bears,Brittain Brown,RB,
Bears,Deion Hankins,RB,
Bears,Kyle Monangai,RB,
Bears,Roschon Johnson,RB,
Bears,Elijah Hicks,S,
Bears,Gervarrius Owens,S,
Bears,Cole Kmet,TE,
Bears,Nikola Kalinic,TE,
Bears,Qadir Ismail,TE,
Bears,Stephen Carlson,TE,
Bears,Jahdae Walker,WR,
Bears,JP Richardson,WR,
Bears,Maurice Alexander,WR,
Bengals,Dax Hill,CB,TRUE
Bengals,DJ Turner II,CB,TRUE
Bengals,Jalen Davis,CB,TRUE
Bengals,B.J. Hill,DT,TRUE
Bengals,Jonathan Allen,DT,TRUE
Bengals,Boye Mafe,ED,TRUE
Bengals,Myles Murphy,ED,TRUE
Bengals,Dalton Risner,IOL,TRUE
Bengals,Dylan Fairchild,IOL,TRUE
Bengals,Ted Karras,IOL,TRUE
Bengals,Barrett Carter,LB,TRUE
Bengals,Demetrius Knight Jr.,LB,TRUE
Bengals,Amarius Mims,OT,TRUE
Bengals,Orlando Brown Jr.,OT,TRUE
Bengals,Joe Burrow,QB,TRUE
Bengals,Chase Brown,RB,TRUE
Bengals,Bryan Cook,S,TRUE
Bengals,Jordan Battle,S,TRUE
Bengals,Drew Sample,TE,TRUE
Bengals,Andrei Iosivas,WR,TRUE
Bengals,Ja'Marr Chase,WR,TRUE
Bengals,Tee Higgins,WR,TRUE
Bengals,Bralyn Lux,CB,
Bengals,DJ Ivey,CB,
Bengals,Jalen Kimber,CB,
Bengals,Josh Newton,CB,
Bengals,Howard Cross III,DT,
Bengals,Jordan Jefferson,DT,
Bengals,Kris Jenkins Jr.,DT,
Bengals,McKinnley Jackson,DT,
Bengals,T.J. Slaton Jr.,DT,
Bengals,Antwaun Powell-Ryland,ED,
Bengals,Cedric Johnson,ED,
Bengals,Isaiah Foskey,ED,
Bengals,Shemar Stewart,ED,
Bengals,Jacob Bayer,IOL,
Bengals,Jalen Rivers,IOL,
Bengals,Matt Lee,IOL,
Bengals,Evan McPherson,K,
Bengals,Joe Giles-Harris,LB,
Bengals,Liam Anderson,LB,
Bengals,Oren Burks,LB,
Bengals,Shaka Heyward,LB,
Bengals,William Wagner,LS,
Bengals,Andrew Coker,OT,
Bengals,Cody Ford,OT,
Bengals,Javon Foster,OT,
Bengals,Ryan Rehkow,P,
Bengals,Joe Flacco,QB,
Bengals,Josh Johnson,QB,
Bengals,Sean Clifford,QB,
Bengals,Gary Brightwell,RB,
Bengals,Kendall Milton,RB,
Bengals,Samaje Perine,RB,
Bengals,Tahj Brooks,RB,
Bengals,Daijahn Anthony,S,
Bengals,PJ Jules,S,
Bengals,Russ Yeast,S,
Bengals,Cam Grandy,TE,
Bengals,Erick All Jr.,TE,
Bengals,Mike Gesicki,TE,
Bengals,Tanner Hudson,TE,
Bengals,Charlie Jones,WR,
Bengals,Dohnte Meyers,WR,
Bengals,Jordan Moore,WR,
Bengals,Ke'Shawn Williams,WR,
Bengals,Kendric Pryor,WR,
Bengals,Mitch Tinsley,WR,
Bengals,Xavier Johnson,WR,
Bills,Christian Benford,CB,TRUE
Bills,Dee Alford,CB,TRUE
Bills,Dorian Strong,CB,TRUE
Bills,Maxwell Hairston,CB,TRUE
Bills,Deone Walker,DT,TRUE
Bills,Ed Oliver,DT,TRUE
Bills,Bradley Chubb,ED,TRUE
Bills,Greg Rousseau,ED,TRUE
Bills,T.J. Sanders,ED,TRUE
Bills,Connor McGovern,IOL,TRUE
Bills,O'Cyrus Torrence,IOL,TRUE
Bills,Terrel Bernard,LB,TRUE
Bills,Alec Anderson,IOL,TRUE
Bills,Dion Dawkins,OT,TRUE
Bills,Spencer Brown,OT,TRUE
Bills,Josh Allen,QB,TRUE
Bills,James Cook III,RB,TRUE
Bills,C.J. Gardner-Johnson,S,TRUE
Bills,Cole Bishop,S,TRUE
Bills,Dawson Knox,TE,TRUE
Bills,DJ Moore,WR,TRUE
Bills,Joshua Palmer,WR,TRUE
Bills,Khalil Shakir,WR,TRUE
Bills,Daryl Porter Jr.,CB,
Bills,MJ Devonshire,CB,
Bills,Te'Cory Couch,CB,
Bills,DeWayne Carter,DT,
Bills,Tommy Akingbesote,DT,
Bills,Zion Logue,DT,
Bills,Andre Jones Jr.,ED,
Bills,Javon Solomon,ED,
Bills,Landon Jackson,ED,
Bills,Michael Hoecht,ED,
Bills,Phidarian Mathis,ED,
Bills,Austin Corbett,IOL,
Bills,Lloyd Cushenberry III,IOL,
Bills,Nick Broeker,IOL,
Bills,Sedrick Van Pran-Granger,IOL,
Bills,Maddux Trujillo,K,
Bills,Tyler Bass,K,
Bills,Dorian Williams,LB,
Bills,Jimmy Ciarlo,LB,
Bills,Joe Andreessen,LB,
Bills,Keonta Jenkins,LB,
Bills,Reid Ferguson,LS,
Bills,Tylan Grable,IOL,
Bills,Chase Lundt,OT,
Bills,Travis Clayton,OT,
Bills,Mitch Wishnowsky,P,
Bills,Kyle Allen,QB,
Bills,Shane Buechele,QB,
Bills,Frank Gore Jr.,RB,
Bills,Ray Davis,RB,
Bills,Ty Johnson,RB,
Bills,Geno Stone,S,
Bills,Jordan Hancock,S,
Bills,Sam Franklin Jr.,S,
Bills,Wande Owens,S,
Bills,Dalton Kincaid,TE,
Bills,Jackson Hawes,TE,
Bills,Keleki Latu,TE,
Bills,Jalen Virgil,WR,
Bills,Keon Coleman,WR,
Bills,Mecole Hardman Jr.,WR,
Bills,Stephen Gosnell,WR,
Bills,Trent Sherfield Sr.,WR,
Bills,Tyrell Shavers,WR,
Broncos,Ja'Quan McMillian,CB,TRUE
Broncos,Pat Surtain II,CB,TRUE
Broncos,Riley Moss,CB,TRUE
Broncos,Malcolm Roach,DT,TRUE
Broncos,Eyioma Uwazurike,ED,TRUE
Broncos,Jonathon Cooper,ED,TRUE
Broncos,Nik Bonitto,ED,TRUE
Broncos,Zach Allen,ED,TRUE
Broncos,Ben Powers,IOL,TRUE
Broncos,Luke Wattenberg,IOL,TRUE
Broncos,Quinn Meinerz,IOL,TRUE
Broncos,Alex Singleton,LB,TRUE
Broncos,Justin Strnad,LB,TRUE
Broncos,Garett Bolles,OT,TRUE
Broncos,Mike McGlinchey,OT,TRUE
Broncos,Bo Nix,QB,TRUE
Broncos,J.K. Dobbins,RB,TRUE
Broncos,Brandon Jones,S,TRUE
Broncos,Talanoa Hufanga,S,TRUE
Broncos,Adam Trautman,TE,TRUE
Broncos,Courtland Sutton,WR,TRUE
Broncos,Jaylen Waddle,WR,TRUE
Broncos,Troy Franklin,WR,TRUE
Broncos,Jaden Robinson,CB,
Broncos,Jahdae Barron,CB,
Broncos,Kris Abrams-Draine,CB,
Broncos,Reese Taylor,CB,
Broncos,D.J. Jones,DT,
Broncos,Jordan Miller,DT,
Broncos,Dondrea Tillman,ED,
Broncos,Garrett Nelson,ED,
Broncos,Johnny Walker,ED,
Broncos,Jonah Elliss,ED,
Broncos,Jordan Jackson,ED,
Broncos,Kristian Williams,ED,
Broncos,Matt Henningsen,ED,
Broncos,Que Robinson,ED,
Broncos,Sai'vion Jones,ED,
Broncos,Adam Prentice,FB,
Broncos,Alex Forsyth,IOL,
Broncos,Calvin Throckmorton,IOL,
Broncos,Michael Deiter,IOL,
Broncos,Nash Jones,IOL,
Broncos,Nick Gargiulo,IOL,
Broncos,Wil Lutz,K,
Broncos,Drew Sanders,LB,
Broncos,Jordan Turner,LB,
Broncos,Karene Reid,LB,
Broncos,Levelle Bailey,LB,
Broncos,Mitchell Fraboni,LS,
Broncos,Alex Palczewski,IOL,
Broncos,Matt Peart,IOL,
Broncos,Frank Crum,OT,
Broncos,Marques Cox,OT,
Broncos,Jeremy Crawshaw,P,
Broncos,Jarrett Stidham,QB,
Broncos,Sam Ehlinger,QB,
Broncos,Cody Schrader,RB,
Broncos,Deuce Vaughn,RB,
Broncos,Jaleel McLaughlin,RB,
Broncos,RJ Harvey,RB,
Broncos,Tyler Badie,RB,
Broncos,Devon Key,S,
Broncos,JL Skinner,S,
Broncos,Tycen Anderson,S,
Broncos,Caleb Lohner,TE,
Broncos,Evan Engram,TE,
Broncos,Lucas Krull,TE,
Broncos,Nate Adkins,TE,
Broncos,Lil'Jordan Humphrey,WR,
Broncos,Marvin Mims Jr.,WR,
Broncos,Michael Bandy,WR,
Broncos,Pat Bryant,WR,
Browns,Denzel Ward,CB,TRUE
Browns,Myles Harden,CB,TRUE
Browns,Tyson Campbell,CB,TRUE
Browns,Maliek Collins,DT,TRUE
Browns,Mason Graham,DT,TRUE
Browns,Alex Wright,ED,TRUE
Browns,Myles Garrett,ED,TRUE
Browns,Elgton Jenkins,IOL,TRUE
Browns,Teven Jenkins,IOL,TRUE
Browns,Zion Johnson,IOL,TRUE
Browns,Carson Schwesinger,LB,TRUE
Browns,Quincy Williams,LB,TRUE
Browns,Tytus Howard,OT,TRUE
Browns,Dawand Jones,OT,TRUE
Browns,Shedeur Sanders,QB,TRUE
Browns,Quinshon Judkins,RB,TRUE
Browns,Grant Delpit,S,TRUE
Browns,Ronnie Hickman,S,TRUE
Browns,Harold Fannin Jr.,TE,TRUE
Browns,Cedric Tillman,WR,TRUE
Browns,Isaiah Bond,WR,TRUE
Browns,Jerry Jeudy,WR,TRUE
Browns,D'Angelo Ross,CB,
Browns,Dom Jones,CB,
Browns,Tre Avery,CB,
Browns,Adin Huntington,DT,
Browns,Kalia Davis,DT,
Browns,Mike Hall Jr.,DT,
Browns,Sam Kamara,DT,
Browns,A.J. Epenesa,ED,
Browns,Isaiah McGuire,ED,
Browns,Julian Okwara,ED,
Browns,Kendrick Green,IOL,
Browns,Kingsley Eguakun,IOL,
Browns,Luke Wypler,IOL,
Browns,Zak Zinter,IOL,
Browns,Andre Szmyt,K,
Browns,Easton Mascarenas-Arnold,LB,
Browns,Edefuan Ulofoshio,LB,
Browns,Jeremiah Owusu-Koramoah,LB,
Browns,Nathaniel Watson,LB,
Browns,Winston Reid,LB,
Browns,Rex Sunahara,LS,
Browns,Jack Conley,IOL,
Browns,Tyre Phillips,IOL,
Browns,Jeremiah Byers,OT,
Browns,KT Leveston,OT,
Browns,Corey Bojorquez,P,
Browns,Nik Constantinou,P,
Browns,Deshaun Watson,QB,
Browns,Dillon Gabriel,QB,
Browns,Ahmani Marshall,RB,
Browns,Dylan Sampson,RB,
Browns,Raheim Sanders,RB,
Browns,Christopher Edmonds,S,
Browns,Daniel Thomas,S,
Browns,Donovan McMillon,S,
Browns,Blake Whiteheart,TE,
Browns,Brenden Bates,TE,
Browns,Caden Prieskorn,TE,
Browns,Jack Stoll,TE,
Browns,Sal Cannella,TE,
Browns,Gage Larvadain,WR,
Browns,Isaiah Wooden,WR,
Browns,Jamari Thrash,WR,
Browns,Luke Floriea,WR,
Browns,Malachi Corley,WR,
Browns,Tylan Wallace,WR,
Buccaneers,Benjamin Morrison,CB,TRUE
Buccaneers,Jacob Parrish,CB,TRUE
Buccaneers,Zyon McCollum,CB,TRUE
Buccaneers,A'Shawn Robinson,DT,TRUE
Buccaneers,Vita Vea,DT,TRUE
Buccaneers,Al-Quadin Muhammad,ED,TRUE
Buccaneers,Calijah Kancey,ED,TRUE
Buccaneers,Yaya Diaby,ED,TRUE
Buccaneers,Ben Bredeson,IOL,TRUE
Buccaneers,Cody Mauch,IOL,TRUE
Buccaneers,Graham Barton,IOL,TRUE
Buccaneers,Alex Anzalone,LB,TRUE
Buccaneers,SirVocea Dennis,LB,TRUE
Buccaneers,Luke Goedeke,OT,TRUE
Buccaneers,Tristan Wirfs,OT,TRUE
Buccaneers,Baker Mayfield,QB,TRUE
Buccaneers,Bucky Irving,RB,TRUE
Buccaneers,Antoine Winfield Jr.,S,TRUE
Buccaneers,Tykee Smith,S,TRUE
Buccaneers,Cade Otton,TE,TRUE
Buccaneers,Chris Godwin Jr.,WR,TRUE
Buccaneers,Emeka Egbuka,WR,TRUE
Buccaneers,Jalen McMillan,WR,TRUE
Buccaneers,Damarion Williams,CB,
Buccaneers,Josh Hayes,CB,
Buccaneers,Elijah Simmons,DT,
Buccaneers,Jayson Jones,DT,
Buccaneers,Anthony Nelson,ED,
Buccaneers,Benton Whitley,ED,
Buccaneers,Chris Braswell,ED,
Buccaneers,David Walker,ED,
Buccaneers,Elijah Roberts,ED,
Buccaneers,Mohamed Kamara,ED,
Buccaneers,Nash Hutmacher,ED,
Buccaneers,Ben Scott,IOL,
Buccaneers,Dan Feeney,IOL,
Buccaneers,Elijah Klein,IOL,
Buccaneers,Chase McLaughlin,K,
Buccaneers,Christian Rozeboom,LB,
Buccaneers,Nick Jackson,LB,
Buccaneers,Evan Deckers,LS,
Buccaneers,Luke Haggard,IOL,
Buccaneers,Benjamin Chukwuma,OT,
Buccaneers,Marshall Foerner,OT,
Buccaneers,Riley Dixon,P,
Buccaneers,Connor Bazelak,QB,
Buccaneers,Jake Browning,QB,
Buccaneers,Josh Williams,RB,
Buccaneers,Kenneth Gainwell,RB,
Buccaneers,Michael Wiley,RB,
Buccaneers,Owen Wright,RB,
Buccaneers,Sean Tucker,RB,
Buccaneers,JJ Roberts,S,
Buccaneers,Marcus Banks,S,
Buccaneers,Miles Killebrew,S,
Buccaneers,Rashad Wisdom,S,
Buccaneers,Devin Culp,TE,
Buccaneers,Ko Kieft,TE,
Buccaneers,Payne Durham,TE,
Buccaneers,Dennis Houston,WR,
Buccaneers,Garrett Greene,WR,
Buccaneers,Jaden Smith,WR,
Buccaneers,Kameron Johnson,WR,
Buccaneers,Tez Johnson,WR,
Cardinals,Denzel Burke,CB,TRUE
Cardinals,Garrett Williams,CB,TRUE
Cardinals,Will Johnson,CB,TRUE
Cardinals,Roy Lopez,DT,TRUE
Cardinals,Darius Robinson,ED,TRUE
Cardinals,Josh Sweat,ED,TRUE
Cardinals,Walter Nolen III,ED,TRUE
Cardinals,Zaven Collins,ED,TRUE
Cardinals,Hjalte Froholdt,IOL,TRUE
Cardinals,Isaac Seumalo,IOL,TRUE
Cardinals,Isaiah Adams,IOL,TRUE
Cardinals,Cody Simon,LB,TRUE
Cardinals,Mack Wilson Sr.,LB,TRUE
Cardinals,Elijah Wilkinson,OT,TRUE
Cardinals,Paris Johnson Jr.,OT,TRUE
Cardinals,Jacoby Brissett,QB,TRUE
Cardinals,Tyler Allgeier,RB,TRUE
Cardinals,Budda Baker,S,TRUE
Cardinals,Dadrion Taylor-Demerson,S,TRUE
Cardinals,Trey McBride,TE,TRUE
Cardinals,Kendrick Bourne,WR,TRUE
Cardinals,Marvin Harrison Jr.,WR,TRUE
Cardinals,Michael Wilson,WR,TRUE
Cardinals,Elijah Jones,CB,
Cardinals,Jaden Davis,CB,
Cardinals,Kalen King,CB,
Cardinals,Kei'Trel Clark,CB,
Cardinals,Max Melton,CB,
Cardinals,Sean Murphy-Bunting,CB,
Cardinals,Starling Thomas V,CB,
Cardinals,Andrew Billings,DT,
Cardinals,PJ Mustipher,DT,
Cardinals,Baron Browning,ED,
Cardinals,BJ Ojulari,ED,
Cardinals,Dante Stills,ED,
Cardinals,Eku Leota,ED,
Cardinals,Elliott Brown,ED,
Cardinals,Jonah Williams,ED,
Cardinals,Jordan Burch,ED,
Cardinals,L.J. Collier,ED,
Cardinals,Zachary Carter,ED,
Cardinals,Hayden Conner,IOL,
Cardinals,Jon Gaines II,IOL,
Cardinals,Chad Ryland,K,
Cardinals,Joshua Karty,K,
Cardinals,Austin Keys,LB,
Cardinals,Jack Gibbens,LB,
Cardinals,Owen Pappoe,LB,
Cardinals,Casey Kreiter,LS,
Cardinals,Matt Pryor,IOL,
Cardinals,Christian Jones,OT,
Cardinals,Demontrey Jacobs,OT,
Cardinals,Josh Fryar,OT,
Cardinals,Olisaemeka Udoh,OT,
Cardinals,Valentin Senn,OT,
Cardinals,Blake Gillikin,P,
Cardinals,Gardner Minshew II,QB,
Cardinals,Kedon Slovis,QB,
Cardinals,Bam Knight,RB,
Cardinals,Corey Kiner,RB,
Cardinals,James Conner,RB,
Cardinals,Trey Benson,RB,
Cardinals,Andrew Wingard,S,
Cardinals,Joey Blount,S,
Cardinals,Kitan Crawford,S,
Cardinals,Elijah Higgins,TE,
Cardinals,Rivaldo Fairweather,TE,
Cardinals,Teagan Quitoriano,TE,
Cardinals,Tip Reiman,TE,
Cardinals,Andre Baccellia,WR,
Cardinals,Bryson Green,WR,
Cardinals,Devin Duvernay,WR,
Cardinals,Ihmir Smith-Marsette,WR,
Cardinals,Jalen Brooks,WR,
Cardinals,Simi Fehoko,WR,
Cardinals,Tejhaun Palmer,WR,
Cardinals,Xavier Weaver,WR,
Chargers,Cam Hart,CB,TRUE
Chargers,Tarheeb Still,CB,TRUE
Chargers,Dalvin Tomlinson,DT,TRUE
Chargers,Jamaree Caldwell,DT,TRUE
Chargers,Teair Tart,DT,TRUE
Chargers,Khalil Mack,ED,TRUE
Chargers,Tuli Tuipulotu,ED,TRUE
Chargers,Cole Strange,IOL,TRUE
Chargers,Tyler Biadasz,IOL,TRUE
Chargers,Daiyan Henley,LB,TRUE
Chargers,Denzel Perryman,LB,TRUE
Chargers,Trevor Penning,IOL,TRUE
Chargers,Joe Alt,OT,TRUE
Chargers,Rashawn Slater,OT,TRUE
Chargers,Justin Herbert,QB,TRUE
Chargers,Omarion Hampton,RB,TRUE
Chargers,Derwin James Jr.,S,TRUE
Chargers,Elijah Molden,S,TRUE
Chargers,Tony Jefferson,S,TRUE
Chargers,Oronde Gadsden,TE,TRUE
Chargers,Ladd McConkey,WR,TRUE
Chargers,Quentin Johnston,WR,TRUE
Chargers,Tre' Harris,WR,TRUE
Chargers,Deane Leonard,CB,
Chargers,Donte Jackson,CB,
Chargers,Eric Rogers,CB,
Chargers,Isas Waxter,CB,
Chargers,Jordan Oladokun,CB,
Chargers,Nikko Reed,CB,
Chargers,Josh Fuga,DT,
Chargers,TeRah Edwards,DT,
Chargers,Bud Dupree,ED,
Chargers,Garmon Randolph,ED,
Chargers,Justin Eboigbe,ED,
Chargers,Kyle Kennard,ED,
Chargers,Alec Ingold,FB,
Chargers,Scott Matlock,FB,
Chargers,Ben Cleveland,IOL,
Chargers,Branson Taylor,IOL,
Chargers,Josh Kaltenberger,IOL,
Chargers,Kayode Awosika,IOL,
Chargers,Cameron Dicker,K,
Chargers,Del'Shawn Phillips,LB,
Chargers,Emany Johnson,LB,
Chargers,Junior Colson,LB,
Chargers,Marlowe Wax,LB,
Chargers,Troy Dye,LB,
Chargers,Josh Harris,LS,
Chargers,Peter Bowden,LS,
Chargers,Trey Pipkins III,IOL,
Chargers,JK Scott,P,
Chargers,DJ Uiagalelei,QB,
Chargers,Trey Lance,QB,
Chargers,Amar Johnson,RB,
Chargers,Jaret Patterson,RB,
Chargers,Keaton Mitchell,RB,
Chargers,Kimani Vidal,RB,
Chargers,Kendall Williamson,S,
Chargers,RJ Mickens,S,
Chargers,Charlie Kolar,TE,
Chargers,Tanner McLachlan,TE,
Chargers,Thomas Yassmin,TE,
Chargers,Dalevon Campbell,WR,
Chargers,Derius Davis,WR,
Chargers,JaQuae Jackson,WR,
Chargers,KeAndre Lambert-Smith,WR,
Chargers,Luke Grimm,WR,
Chiefs,Kader Kohou,CB,TRUE
Chiefs,Kristian Fulton,CB,TRUE
Chiefs,Nohl Williams,CB,TRUE
Chiefs,Chris Jones,DT,TRUE
Chiefs,Khyiris Tonga,DT,TRUE
Chiefs,Ashton Gillotte,ED,TRUE
Chiefs,George Karlaftis,ED,TRUE
Chiefs,Creed Humphrey,IOL,TRUE
Chiefs,Kingsley Suamataia,IOL,TRUE
Chiefs,Trey Smith,IOL,TRUE
Chiefs,Drue Tranquill,LB,TRUE
Chiefs,Nick Bolton,LB,TRUE
Chiefs,Jaylon Moore,OT,TRUE
Chiefs,Josh Simmons,OT,TRUE
Chiefs,Patrick Mahomes,QB,TRUE
Chiefs,Kenneth Walker,RB,TRUE
Chiefs,Alohi Gilman,S,TRUE
Chiefs,Chamarri Conner,S,TRUE
Chiefs,Travis Kelce,TE,TRUE
Chiefs,Rashee Rice,WR,TRUE
Chiefs,Tyquan Thornton,WR,TRUE
Chiefs,Xavier Worthy,WR,TRUE
Chiefs,Melvin Smith Jr.,CB,
Chiefs,Marcus Harris,DT,
Chiefs,Omarr Norman-Lott,DT,
Chiefs,Zacch Pickens,DT,
Chiefs,Ethan Downs,ED,
Chiefs,Felix Anudike-Uzomah,ED,
Chiefs,Tyreke Smith,ED,
Chiefs,C.J. Hanson,IOL,
Chiefs,Hunter Nourzad,IOL,
Chiefs,Mike Caliendo,IOL,
Chiefs,Harrison Butker,K,
Chiefs,Brandon George,LB,
Chiefs,Cole Christiansen,LB,
Chiefs,Cooper McDonald,LB,
Chiefs,Jack Cochrane,LB,
Chiefs,Jeffrey Bassa,LB,
Chiefs,Kam Arnold,LB,
Chiefs,James Winchester,LS,
Chiefs,Chukwuebuka Godrick,OT,
Chiefs,Esa Pole,OT,
Chiefs,Ethan Driskell,OT,
Chiefs,Matt Waletzko,OT,
Chiefs,Wanya Morris,OT,
Chiefs,Matt Araiza,P,
Chiefs,Chris Oladokun,QB,
Chiefs,Jake Haener,QB,
Chiefs,Justin Fields,QB,
Chiefs,Brashard Smith,RB,
Chiefs,Emari Demercado,RB,
Chiefs,ShunDerrick Powell,RB,
Chiefs,Chris Roland-Wallace,S,
Chiefs,Jaden Hicks,S,
Chiefs,Kevin Knowles,S,
Chiefs,Tanner McCalister,S,
Chiefs,Jake Briningstool,TE,
Chiefs,Jared Wiley,TE,
Chiefs,Noah Gray,TE,
Chiefs,Tre Watson,TE,
Chiefs,Andrew Armstrong,WR,
Chiefs,Jalen Royals,WR,
Chiefs,Jason Brownlee,WR,
Chiefs,Jimmy Holiday,WR,
Chiefs,Nikko Remigio,WR,
Colts,Charvarius Ward,CB,TRUE
Colts,Kenny Moore II,CB,TRUE
Colts,Sauce Gardner,CB,TRUE
Colts,DeForest Buckner,DT,TRUE
Colts,Grover Stewart,DT,TRUE
Colts,Arden Key,ED,TRUE
Colts,Laiatu Latu,ED,TRUE
Colts,Quenton Nelson,IOL,TRUE
Colts,Tanor Bortolini,IOL,TRUE
Colts,Akeem Davis-Gaither,LB,TRUE
Colts,Austin Ajiake,LB,TRUE
Colts,Matt Goncalves,IOL,TRUE
Colts,Bernhard Raimann,OT,TRUE
Colts,Jalen Travis,OT,TRUE
Colts,Daniel Jones,QB,TRUE
Colts,Jonathan Taylor,RB,TRUE
Colts,Cam Bynum,S,TRUE
Colts,Hunter Wohler,S,TRUE
Colts,Tyler Warren,TE,TRUE
Colts,Alec Pierce,WR,TRUE
Colts,Josh Downs,WR,TRUE
Colts,Nick Westbrook-Ikhine,WR,TRUE
Colts,Cam Taylor-Britt,CB,
Colts,Cameron Mitchell,CB,
Colts,Jaylon Jones,CB,
Colts,Johnathan Edwards,CB,
Colts,Justin Walley,CB,
Colts,Mekhi Blackmon,CB,
Colts,Rob Carter Jr.,CB,
Colts,Wyett Ekeler,CB,
Colts,Adetomiwa Adebawore,DT,
Colts,Colby Wooden,DT,
Colts,Derrick Nnadi,DT,
Colts,Jerry Tillery,DT,
Colts,Tim Smith,DT,
Colts,Durell Nchami,ED,
Colts,JT Tuimoloau,ED,
Colts,Micheal Clemons,ED,
Colts,Viliami Fehoko Jr.,ED,
Colts,Bill Murray,IOL,
Colts,Dalton Tucker,IOL,
Colts,Jimmy Morrissey,IOL,
Colts,Josh Sills,IOL,
Colts,LaDarius Henderson,IOL,
Colts,Blake Grupe,K,
Colts,Spencer Shrader,K,
Colts,Devin Veresuk,LB,
Colts,Jaylon Carlies,LB,
Colts,John Bullock,LB,
Colts,Joseph Vaughn,LB,
Colts,Luke Rhodes,LS,
Colts,Bayron Matos,OT,
Colts,Blake Freeland,OT,
Colts,Jack Wilson,OT,
Colts,Luke Tenuta,OT,
Colts,Rigoberto Sanchez,P,
Colts,Anthony Richardson Sr.,QB,
Colts,Riley Leonard,QB,
Colts,Seth Henigan,QB,
Colts,DJ Giddens,RB,
Colts,Ulysses Bentley IV,RB,
Colts,Ben Nikkel,S,
Colts,Daniel Scott,S,
Colts,Jonathan Owens,S,
Colts,Juanyeh Thomas,S,
Colts,Reuben Lowery III,S,
Colts,Trey Washington,S,
Colts,Carson Towt,TE,
Colts,Drew Ogletree,TE,
Colts,Mo Alie-Cox,TE,
Colts,Sean McKeon,TE,
Colts,Will Mallory,TE,
Colts,Anthony Gould,WR,
Colts,Ashton Dulin,WR,
Colts,Coleman Owen,WR,
Colts,Eli Pancol,WR,
Colts,Laquon Treadwell,WR,
Commanders,Amik Robertson,CB,TRUE
Commanders,Mike Sainristil,CB,TRUE
Commanders,Trey Amos,CB,TRUE
Commanders,Daron Payne,DT,TRUE
Commanders,Javon Kinlaw,DT,TRUE
Commanders,K'Lavon Chaisson,ED,TRUE
Commanders,Odafe Oweh,ED,TRUE
Commanders,Chris Paul,IOL,TRUE
Commanders,Nick Allegretti,IOL,TRUE
Commanders,Frankie Luvu,LB,TRUE
Commanders,Leo Chenal,LB,TRUE
Commanders,Sam Cosmi,IOL,TRUE
Commanders,Josh Conerly Jr.,OT,TRUE
Commanders,Laremy Tunsil,OT,TRUE
Commanders,Jayden Daniels,QB,TRUE
Commanders,Rachaad White,RB,TRUE
Commanders,Nick Cross,S,TRUE
Commanders,Will Harris,S,TRUE
Commanders,Chig Okonkwo,TE,TRUE
Commanders,Luke McCaffrey,WR,TRUE
Commanders,Terry McLaurin,WR,TRUE
Commanders,Treylon Burks,WR,TRUE
Commanders,Ahkello Witherspoon,CB,
Commanders,Car'lin Vigers,CB,
Commanders,Darius Rush,CB,
Commanders,Qwuantrezz Knight,CB,
Commanders,Tre Hawkins III,CB,
Commanders,Jer'Zhan Newton,DT,
Commanders,Ricky Barber,DT,
Commanders,Shy Tuttle,DT,
Commanders,Tim Settle,DT,
Commanders,Andre Carter II,ED,
Commanders,Charles Omenihu,ED,
Commanders,D.J. Johnson,ED,
Commanders,Deatrich Wise Jr.,ED,
Commanders,Dorance Armstrong,ED,
Commanders,Drake Jackson,ED,
Commanders,Javontae Jean-Baptiste,ED,
Commanders,T.J. Maguranyanga,ED,
Commanders,Julian Good-Jones,IOL,
Commanders,Timothy McKay,IOL,
Commanders,Tyler Cooper,IOL,
Commanders,Jake Moody,K,
Commanders,Ale Kaho,LB,
Commanders,Jordan Magee,LB,
Commanders,Kain Medrano,LB,
Commanders,Nick Bellore,LB,
Commanders,Tyler Ott,LS,
Commanders,Andrew Wylie,IOL,
Commanders,Brandon Coleman,IOL,
Commanders,Foster Sarell,IOL,
Commanders,Malaesala Aumavae-Laulu,IOL,
Commanders,Trent Scott,OT,
Commanders,Tress Way,P,
Commanders,Marcus Mariota,QB,
Commanders,Sam Hartman,QB,
Commanders,Jacory Croskey-Merritt,RB,
Commanders,Jeremy McNichols,RB,
Commanders,Jerome Ford,RB,
Commanders,Jeremy Reaves,S,
Commanders,Percy Butler,S,
Commanders,Quan Martin,S,
Commanders,Robert McDaniel,S,
Commanders,Tyler Owens,S,
Commanders,Ben Sinnott,TE,
Commanders,Colson Yankoff,TE,
Commanders,John Bates,TE,
Commanders,Lawrence Cager,TE,
Commanders,Dyami Brown,WR,
Commanders,Ja'Corey Brooks,WR,
Commanders,Jacoby Jones,WR,
Commanders,Jaylin Lane,WR,
Commanders,Nick Nash,WR,
Commanders,Van Jefferson,WR,
Cowboys,Cobie Durant,CB,TRUE
Cowboys,DaRon Bland,CB,TRUE
Cowboys,Shavon Revel Jr.,CB,TRUE
Cowboys,Kenny Clark,DT,TRUE
Cowboys,Otito Ogbonnia,DT,TRUE
Cowboys,Quinnen Williams,DT,TRUE
Cowboys,Donovan Ezeiruaku,ED,TRUE
Cowboys,Rashan Gary,ED,TRUE
Cowboys,Cooper Beebe,IOL,TRUE
Cowboys,Tyler Booker,IOL,TRUE
Cowboys,DeMarvion Overshown,LB,TRUE
Cowboys,Shemar James,LB,TRUE
Cowboys,Tyler Smith,IOL,TRUE
Cowboys,Terence Steele,OT,TRUE
Cowboys,Tyler Guyton,OT,TRUE
Cowboys,Dak Prescott,QB,TRUE
Cowboys,Javonte Williams,RB,TRUE
Cowboys,Jalen Thompson,S,TRUE
Cowboys,Malik Hooker,S,TRUE
Cowboys,Jake Ferguson,TE,TRUE
Cowboys,CeeDee Lamb,WR,TRUE
Cowboys,George Pickens,WR,TRUE
Cowboys,Ryan Flournoy,WR,TRUE
Cowboys,Caelen Carson,CB,
Cowboys,Corey Ballentine,CB,
Cowboys,Derion Kendrick,CB,
Cowboys,Josh Butler,CB,
Cowboys,Reddy Steward,CB,
Cowboys,Trikweze Bridges,CB,
Cowboys,Adedayo Odeleye,DT,
Cowboys,Jay Toia,DT,
Cowboys,Isaiah Land,ED,
Cowboys,James Houston,ED,
Cowboys,Marist Liufau,ED,
Cowboys,Sam Williams,ED,
Cowboys,Tyrus Wheat,ED,
Cowboys,Hunter Luepke,FB,
Cowboys,Matt Hennessy,IOL,
Cowboys,Nick Leverett,IOL,
Cowboys,T.J. Bass,IOL,
Cowboys,Trevor Keegan,IOL,
Cowboys,Brandon Aubrey,K,
Cowboys,Justin Barron,LB,
Cowboys,Trent Sieg,LS,
Cowboys,Marcellus Johnson,IOL,
Cowboys,Ajani Cornelius,OT,
Cowboys,Nate Thomas,OT,
Cowboys,Bryan Anger,P,
Cowboys,Joe Milton III,QB,
Cowboys,Sam Howell,QB,
Cowboys,Israel Abanikanda,RB,
Cowboys,Jaydon Blue,RB,
Cowboys,Malik Davis,RB,
Cowboys,Phil Mafah,RB,
Cowboys,Alijah Clark,S,
Cowboys,Julius Wood,S,
Cowboys,Markquese Bell,S,
Cowboys,P.J. Locke,S,
Cowboys,Zion Childress,S,
Cowboys,Brevyn Spann-Ford,TE,
Cowboys,Luke Schoonmaker,TE,
Cowboys,Princeton Fant,TE,
Cowboys,Jonathan Mingo,WR,
Cowboys,KaVontae Turpin,WR,
Cowboys,Parris Campbell,WR,
Cowboys,Traeshon Holden,WR,
Dolphins,Darrell Baker Jr.,CB,TRUE
Dolphins,Jason Marshall Jr.,CB,TRUE
Dolphins,Storm Duck,CB,TRUE
Dolphins,Kenneth Grant,DT,TRUE
Dolphins,Zach Sieler,DT,TRUE
Dolphins,Chop Robinson,ED,TRUE
Dolphins,Josh Uche,ED,TRUE
Dolphins,Aaron Brewer,IOL,TRUE
Dolphins,Jonah Savaiinaea,IOL,TRUE
Dolphins,Jordyn Brooks,LB,TRUE
Dolphins,Tyrel Dodson,LB,TRUE
Dolphins,Jamaree Salyer,IOL,TRUE
Dolphins,Austin Jackson,OT,TRUE
Dolphins,Patrick Paul,OT,TRUE
Dolphins,Malik Willis,QB,TRUE
Dolphins,De'Von Achane,RB,TRUE
Dolphins,Dante Trader Jr.,S,TRUE
Dolphins,Lonnie Johnson Jr.,S,TRUE
Dolphins,Greg Dulcich,TE,TRUE
Dolphins,Jalen Tolbert,WR,TRUE
Dolphins,Malik Washington,WR,TRUE
Dolphins,Tutu Atwell,WR,TRUE
Dolphins,A.J. Green III,CB,
Dolphins,Alex Austin,CB,
Dolphins,Ethan Bonner,CB,
Dolphins,Ethan Robinson,CB,
Dolphins,Isaiah Johnson,CB,
Dolphins,Jason Maitre,CB,
Dolphins,JuJu Brents,CB,
Dolphins,Marco Wilson,CB,
Dolphins,Miles Battle,CB,
Dolphins,Alex Huntley,DT,
Dolphins,Jordan Phillips,DT,
Dolphins,Matthew Butler,DT,
Dolphins,Zeek Biggers,DT,
Dolphins,Cameron Goode,ED,
Dolphins,David Ojabo,ED,
Dolphins,Derrick McLendon,ED,
Dolphins,Keith Cooper Jr.,ED,
Dolphins,Robert Beal Jr.,ED,
Dolphins,Seth Coleman,ED,
Dolphins,Andrew Meyer,IOL,
Dolphins,Riley Patterson,K,
Dolphins,Zane Gonzalez,K,
Dolphins,Jackson Woodard,LB,
Dolphins,K.C. Ossai,LB,
Dolphins,Ronnie Harrison,LB,
Dolphins,Willie Gay Jr.,LB,
Dolphins,Taybor Pepper,LS,
Dolphins,Tucker Addington,LS,
Dolphins,Braeden Daniels,IOL,
Dolphins,Josh Priebe,IOL,
Dolphins,Kion Smith,IOL,
Dolphins,Carter Warren,OT,
Dolphins,Charlie Heck,OT,
Dolphins,Bradley Pinion,P,
Dolphins,Seth Vernon,P,
Dolphins,Cam Miller,QB,
Dolphins,Quinn Ewers,QB,
Dolphins,Donovan Edwards,RB,
Dolphins,Jaylen Wright,RB,
Dolphins,Ollie Gordon II,RB,
Dolphins,Jordan Colbert,S,
Dolphins,Omar Brown,S,
Dolphins,Zayne Anderson,S,
Dolphins,Ben Sims,TE,
Dolphins,Cole Turner,TE,
Dolphins,Jalin Conyers,TE,
Dolphins,Zack Kuntz,TE,
Dolphins,AJ Henning,WR,
Dolphins,Tahj Washington,WR,
Dolphins,Terrace Marshall Jr.,WR,
Dolphins,Theo Wease Jr.,WR,
Eagles,Cooper DeJean,CB,TRUE
Eagles,Quinyon Mitchell,CB,TRUE
Eagles,Riq Woolen,CB,TRUE
Eagles,Jalen Carter,DT,TRUE
Eagles,Jordan Davis,DT,TRUE
Eagles,Jalyx Hunt,ED,TRUE
Eagles,Moro Ojomo,ED,TRUE
Eagles,Nolan Smith Jr.,ED,TRUE
Eagles,Cam Jurgens,IOL,TRUE
Eagles,Landon Dickerson,IOL,TRUE
Eagles,Tyler Steen,IOL,TRUE
Eagles,Jihaad Campbell,LB,TRUE
Eagles,Zack Baun,LB,TRUE
Eagles,Jordan Mailata,OT,TRUE
Eagles,Lane Johnson,OT,TRUE
Eagles,Jalen Hurts,QB,TRUE
Eagles,Saquon Barkley,RB,TRUE
Eagles,Andrew Mukuba,S,TRUE
Eagles,Marcus Epps,S,TRUE
Eagles,Dallas Goedert,TE,TRUE
Eagles,A.J. Brown,WR,TRUE
Eagles,DeVonta Smith,WR,TRUE
Eagles,Hollywood Brown,WR,TRUE
Eagles,Ambry Thomas,CB,
Eagles,Jakorian Bennett,CB,
Eagles,Jonathan Jones,CB,
Eagles,Kelee Ringo,CB,
Eagles,Mac McWilliams,CB,
Eagles,Tariq Castro-Fields,CB,
Eagles,Byron Young,DT,
Eagles,Ty Robinson,DT,
Eagles,Arnold Ebiketie,ED,
Eagles,Gabe Hall,ED,
Eagles,Jose Ramirez,ED,
Eagles,Ta'Quon Graham,ED,
Eagles,Cameron Latu,FB,
Eagles,Drew Kendall,IOL,
Eagles,Jake Majors,IOL,
Eagles,Willie Lampkin,IOL,
Eagles,Jake Elliott,K,
Eagles,Chance Campbell,LB,
Eagles,Jeremiah Trotter Jr.,LB,
Eagles,Smael Mondon Jr.,LB,
Eagles,Hollin Pierce,IOL,
Eagles,Cameron Williams,OT,
Eagles,Fred Johnson,OT,
Eagles,John Ojukwu,OT,
Eagles,Myles Hinton,OT,
Eagles,Braden Mann,P,
Eagles,Andy Dalton,QB,
Eagles,Tanner McKee,QB,
Eagles,Carson Steele,RB,
Eagles,Dameon Pierce,RB,
Eagles,Tank Bigsby,RB,
Eagles,Will Shipley,RB,
Eagles,Andre' Sam,S,
Eagles,Brandon Johnson,S,
Eagles,J.T. Gray,S,
Eagles,Michael Carter II,S,
Eagles,E.J. Jenkins,TE,
Eagles,Grant Calcaterra,TE,
Eagles,Jaheim Bell,TE,
Eagles,Johnny Mundt,TE,
Eagles,Stone Smartt,TE,
Eagles,Britain Covey,WR,
Eagles,Danny Gray,WR,
Eagles,Darius Cooper,WR,
Eagles,Elijah Moore,WR,
Eagles,Johnny Wilson,WR,
Eagles,Quez Watkins,WR,
Falcons,A.J. Terrell Jr.,CB,TRUE
Falcons,Mike Hughes,CB,TRUE
Falcons,Ruke Orhorhoro,DT,TRUE
Falcons,Brandon Dorlus,ED,TRUE
Falcons,Jalon Walker,ED,TRUE
Falcons,James Pearce Jr.,ED,TRUE
Falcons,Zach Harrison,ED,TRUE
Falcons,Chris Lindstrom,IOL,TRUE
Falcons,Matthew Bergeron,IOL,TRUE
Falcons,Ryan Neuzil,IOL,TRUE
Falcons,Christian Harris,LB,TRUE
Falcons,Divine Deablo,LB,TRUE
Falcons,Jake Matthews,OT,TRUE
Falcons,Kaleb McGary,OT,TRUE
Falcons,Michael Penix Jr.,QB,TRUE
Falcons,Bijan Robinson,RB,TRUE
Falcons,Billy Bowman Jr.,S,TRUE
Falcons,Jessie Bates III,S,TRUE
Falcons,Xavier Watts,S,TRUE
Falcons,Kyle Pitts Sr.,TE,TRUE
Falcons,Drake London,WR,TRUE
Falcons,Jahan Dotson,WR,TRUE
Falcons,Olamide Zaccheaus,WR,TRUE
Falcons,A.J. Woods,CB,
Falcons,C.J. Henderson,CB,
Falcons,Clark Phillips III,CB,
Falcons,Cobee Bryant,CB,
Falcons,Darnay Holmes,CB,
Falcons,Mike Ford Jr.,CB,
Falcons,Natrone Brooks,CB,
Falcons,LaCale London,DT,
Falcons,Azeez Ojulari,ED,
Falcons,Ben Stille,ED,
Falcons,Bralen Trice,ED,
Falcons,Cameron Thomas,ED,
Falcons,Chris Williams,ED,
Falcons,Da'Shawn Hand,ED,
Falcons,Elijah Garcia,ED,
Falcons,Samson Ebukam,ED,
Falcons,Andrew Stueber,IOL,
Falcons,Corey Levin,IOL,
Falcons,Kyle Hinton,IOL,
Falcons,Nick Folk,K,
Falcons,Channing Tindall,LB,
Falcons,JD Bertrand,LB,
Falcons,Malik Verdon,LB,
Falcons,Troy Andersen,LB,
Falcons,Liam McCullough,LS,
Falcons,Jack Nelson,OT,
Falcons,Michael Jerrell,OT,
Falcons,Storm Norton,OT,
Falcons,Jake Bailey,P,
Falcons,Trenton Gill,P,
Falcons,Trevor Siemian,QB,
Falcons,Tua Tagovailoa,QB,
Falcons,Brian Robinson Jr.,RB,
Falcons,Carlos Washington Jr.,RB,
Falcons,Nathan Carter,RB,
Falcons,Tyler Goodson,RB,
Falcons,DeMarcco Hellams,S,
Falcons,Jammie Robinson,S,
Falcons,Sydney Brown,S,
Falcons,Tysheem Johnson,S,
Falcons,Austin Hooper,TE,
Falcons,Charlie Woerner,TE,
Falcons,Joshua Simon,TE,
Falcons,Casey Washington,WR,
Falcons,Chris Blair,WR,
Falcons,Deven Thompkins,WR,
Falcons,Dylan Drummond,WR,
Giants,Dru Phillips,CB,TRUE
Giants,Greg Newsome II,CB,TRUE
Giants,Paulson Adebo,CB,TRUE
Giants,Dexter Lawrence II,DT,TRUE
Giants,Roy Robertson-Harris,DT,TRUE
Giants,Abdul Carter,ED,TRUE
Giants,Brian Burns,ED,TRUE
Giants,Aaron Stinnie,IOL,TRUE
Giants,John Michael Schmitz Jr.,IOL,TRUE
Giants,Jon Runyan,IOL,TRUE
Giants,Micah McFadden,LB,TRUE
Giants,Tremaine Edmunds,LB,TRUE
Giants,Andrew Thomas,OT,TRUE
Giants,Jermaine Eluemunor,OT,TRUE
Giants,Jaxson Dart,QB,TRUE
Giants,Cam Skattebo,RB,TRUE
Giants,Jevón Holland,S,TRUE
Giants,Tyler Nubin,S,TRUE
Giants,Isaiah Likely,TE,TRUE
Giants,Darius Slayton,WR,TRUE
Giants,Darnell Mooney,WR,TRUE
Giants,Malik Nabers,WR,TRUE
Giants,Art Green,CB,
Giants,Deonte Banks,CB,
Giants,Jarrick Bernard-Converse,CB,
Giants,Korie Black,CB,
Giants,Myles Purchase,CB,
Giants,Nic Jones,CB,
Giants,Rico Payton,CB,
Giants,TJ Moore,CB,
Giants,Darius Alexander,DT,
Giants,Elijah Chatman,DT,
Giants,Marlon Tuipulotu,DT,
Giants,Sam Roberts,DT,
Giants,Caleb Murphy,ED,
Giants,Chauncey Golston,ED,
Giants,DeMarvin Leal,ED,
Giants,Kayvon Thibodeaux,ED,
Giants,Trace Ford,ED,
Giants,Patrick Ricard,FB,
Giants,Bryan Hudson,IOL,
Giants,Evan Neal,IOL,
Giants,Jake Kubas,IOL,
Giants,Ben Sauls,K,
Giants,Graham Gano,K,
Giants,Jason Sanders,K,
Giants,Cam Jones,LB,
Giants,Darius Muasau,LB,
Giants,Swayze Bozeman,LB,
Giants,Zaire Barnes,LB,
Giants,Zach Triner,LS,
Giants,Joshua Ezeudu,IOL,
Giants,Marcus Mbow,OT,
Giants,Reid Holskey,OT,
Giants,Jordan Stout,P,
Giants,Jameis Winston,QB,
Giants,Dante Miller,RB,
Giants,Devin Singletary,RB,
Giants,Eric Gray,RB,
Giants,Tyrone Tracy Jr.,RB,
Giants,Ar'Darius Washington,S,
Giants,Beau Brade,S,
Giants,Elijah Campbell,S,
Giants,Jason Pinnock,S,
Giants,Patrick McMorris,S,
Giants,Raheem Layne,S,
Giants,Chris Manhertz,TE,
Giants,Tanner Conner,TE,
Giants,Theo Johnson,TE,
Giants,Thomas Fidone II,TE,
Giants,Beaux Collins,WR,
Giants,Calvin Austin III,WR,
Giants,Courtney Jackson,WR,
Giants,Da'Quan Felton,WR,
Giants,Dalen Cambre,WR,
Giants,Gunner Olszewski,WR,
Giants,Isaiah Hodgins,WR,
Giants,Jalin Hyatt,WR,
Giants,Ryan Miller,WR,
Giants,Xavier Gipson,WR,
Jaguars,Jourdan Lewis,CB,TRUE
Jaguars,Montaric Brown,CB,TRUE
Jaguars,Travis Hunter,CB,TRUE
Jaguars,Arik Armstead,DT,TRUE
Jaguars,DaVon Hamilton,DT,TRUE
Jaguars,Josh Hines-Allen,ED,TRUE
Jaguars,Travon Walker,ED,TRUE
Jaguars,Ezra Cleveland,IOL,TRUE
Jaguars,Patrick Mekari,IOL,TRUE
Jaguars,Robert Hainsey,IOL,TRUE
Jaguars,Foyesade Oluokun,LB,TRUE
Jaguars,Ventrell Miller,LB,TRUE
Jaguars,Cole Van Lanen,OT,TRUE
Jaguars,Anton Harrison,OT,TRUE
Jaguars,Trevor Lawrence,QB,TRUE
Jaguars,Bhayshul Tuten,RB,TRUE
Jaguars,Antonio Johnson,S,TRUE
Jaguars,Eric Murray,S,TRUE
Jaguars,Brenton Strange,TE,TRUE
Jaguars,Brian Thomas Jr.,WR,TRUE
Jaguars,Jakobi Meyers,WR,TRUE
Jaguars,Parker Washington,WR,TRUE
Jaguars,Christian Braswell,CB,
Jaguars,Jabbar Muhammad,CB,
Jaguars,Jarrian Jones,CB,
Jaguars,Keith Taylor,CB,
Jaguars,Keni-H Lovely,CB,
Jaguars,Keivie Rose,DT,
Jaguars,Maason Smith,DT,
Jaguars,Matt Dickerson,DT,
Jaguars,B.J. Green II,ED,
Jaguars,Danny Striggow,ED,
Jaguars,Cooper Hodges,IOL,
Jaguars,Jerome Carvin,IOL,
Jaguars,Jonah Monheim,IOL,
Jaguars,Sal Wormley,IOL,
Jaguars,Cam Little,K,
Jaguars,Branson Combs,LB,
Jaguars,Dennis Gardeck,LB,
Jaguars,Jack Kiser,LB,
Jaguars,Jalen McLeod,LB,
Jaguars,Yasir Abdullah,LB,
Jaguars,Ross Matiscik,LS,
Jaguars,Chuma Edoga,IOL,
Jaguars,Walker Little,IOL,
Jaguars,Wyatt Milum,IOL,
Jaguars,Kilian Zierer,OT,
Jaguars,Ricky Lee,OT,
Jaguars,Logan Cooke,P,
Jaguars,Carter Bradley,QB,
Jaguars,Nick Mullens,QB,
Jaguars,Chris Rodriguez Jr.,RB,
Jaguars,DeeJay Dallas,RB,
Jaguars,Ja'Quinden Jackson,RB,
Jaguars,LeQuint Allen Jr.,RB,
Jaguars,Caleb Ransaw,S,
Jaguars,Cam'Ron Silmon-Craig,S,
Jaguars,Rayuan Lane III,S,
Jaguars,Trevian Thomas,S,
Jaguars,Hunter Long,TE,
Jaguars,Patrick Herbert,TE,
Jaguars,Quintin Morris,TE,
Jaguars,Austin Trammell,WR,
Jaguars,Chandler Brayboy,WR,
Jaguars,Tim Jones,WR,
Jets,Brandon Stephens,CB,TRUE
Jets,Jarvis Brownlee Jr.,CB,TRUE
Jets,Nahshon Wright,CB,TRUE
Jets,David Onyemata,DT,TRUE
Jets,T'Vondre Sweat,DT,TRUE
Jets,Harrison Phillips,ED,TRUE
Jets,Joseph Ossai,ED,TRUE
Jets,Will McDonald IV,ED,TRUE
Jets,Dylan Parham,IOL,TRUE
Jets,Joe Tippmann,IOL,TRUE
Jets,Josh Myers,IOL,TRUE
Jets,Demario Davis,LB,TRUE
Jets,Jamien Sherwood,LB,TRUE
Jets,Armand Membou,OT,TRUE
Jets,Olu Fashanu,OT,TRUE
Jets,Geno Smith,QB,TRUE
Jets,Breece Hall,RB,TRUE
Jets,Malachi Moore,S,TRUE
Jets,Minkah Fitzpatrick,S,TRUE
Jets,Mason Taylor,TE,TRUE
Jets,Adonai Mitchell,WR,TRUE
Jets,Garrett Wilson,WR,TRUE
Jets,Isaiah Williams,WR,TRUE
Jets,Azareye'h Thomas,CB,
Jets,Jordan Clark,CB,
Jets,Qwan'tez Stiggers,CB,
Jets,Samuel Womack III,CB,
Jets,Tre Brown,CB,
Jets,Jack Heflin,DT,
Jets,Mazi Smith,DT,
Jets,Payton Page,DT,
Jets,Braiden McGregor,ED,
Jets,Eric Watts,ED,
Jets,Jowon Briggs,ED,
Jets,Kingsley Enagbare,ED,
Jets,Kingsley Jonathan,ED,
Jets,Ochaun Mathis,ED,
Jets,Paschal Ekeji,ED,
Jets,Tyler Baron,ED,
Jets,Andrew Beck,FB,
Jets,Gus Hartwig,IOL,
Jets,Kohl Levao,IOL,
Jets,Liam Fornadel,IOL,
Jets,Marquis Hayes,IOL,
Jets,Xavier Newman,IOL,
Jets,Cade York,K,
Jets,Lenny Krieg,K,
Jets,Kiko Mauigoa,LB,
Jets,Kobe King,LB,
Jets,Marcelino McCrary-Ball,LB,
Jets,Mykal Walker,LB,
Jets,Thomas Hennessy,LS,
Jets,Max Mitchell,IOL,
Jets,Chukwuma Okorafor,OT,
Jets,Austin McNamara,P,
Jets,Bailey Zappe,QB,
Jets,Brady Cook,QB,
Jets,Braelon Allen,RB,
Jets,Isaiah Davis,RB,
Jets,Kene Nwangwu,RB,
Jets,Andre Cisco,S,
Jets,Chris Smith II,S,
Jets,Dane Belton,S,
Jets,Dean Clark,S,
Jets,Jarius Monroe,S,
Jets,Keidron Smith,S,
Jets,Jelani Woods,TE,
Jets,Jeremy Ruckert,TE,
Jets,Arian Smith,WR,
Jets,Irvin Charles,WR,
Jets,Jamaal Pritchett,WR,
Jets,Mac Dalena,WR,
Jets,Quentin Skinner,WR,
Lions,D.J. Reed,CB,TRUE
Lions,Terrion Arnold,CB,TRUE
Lions,Alim McNeill,DT,TRUE
Lions,Tyleik Williams,DT,TRUE
Lions,Aidan Hutchinson,ED,TRUE
Lions,D.J. Wonnum,ED,TRUE
Lions,Cade Mays,IOL,TRUE
Lions,Christian Mahogany,IOL,TRUE
Lions,Tate Ratledge,IOL,TRUE
Lions,Derrick Barnes,LB,TRUE
Lions,Jack Campbell,LB,TRUE
Lions,Malcolm Rodriguez,LB,TRUE
Lions,Larry Borom,OT,TRUE
Lions,Penei Sewell,OT,TRUE
Lions,Jared Goff,QB,TRUE
Lions,Jahmyr Gibbs,RB,TRUE
Lions,Brian Branch,S,TRUE
Lions,Kerby Joseph,S,TRUE
Lions,Sam LaPorta,TE,TRUE
Lions,Amon-Ra St. Brown,WR,TRUE
Lions,Isaac TeSlaa,WR,TRUE
Lions,Jameson Williams,WR,TRUE
Lions,Ennis Rakestraw Jr.,CB,
Lions,Khalil Dorsey,CB,
Lions,Nick Whiteside,CB,
Lions,Rock Ya-Sin,CB,
Lions,Roger McCreary,CB,
Lions,Chris Smith,DT,
Lions,Levi Onwuzurike,DT,
Lions,Mekhi Wingo,DT,
Lions,Myles Adams,DT,
Lions,Ahmed Hassanein,ED,
Lions,Payton Turner,ED,
Lions,Tyler Lacy,ED,
Lions,Zach Horton,FB,
Lions,Ben Bartch,IOL,
Lions,Juice Scruggs,IOL,
Lions,Michael Niese,IOL,
Lions,Seth McLaughlin,IOL,
Lions,Jake Bates,K,
Lions,Damone Clark,LB,
Lions,Trevor Nowaske,LB,
Lions,Hogan Hatten,LS,
Lions,Colby Sorsdal,IOL,
Lions,Mason Miller,IOL,
Lions,Miles Frazier,IOL,
Lions,Devin Cochran,OT,
Lions,Giovanni Manu,OT,
Lions,Jack Fox,P,
Lions,Teddy Bridgewater,QB,
Lions,Isiah Pacheco,RB,
Lions,Jabari Small,RB,
Lions,Jacob Saylors,RB,
Lions,Kye Robichaux,RB,
Lions,Sione Vaki,RB,
Lions,Christian Izien,S,
Lions,Dan Jackson,S,
Lions,Loren Strickland,S,
Lions,Thomas Harper,S,
Lions,Brock Wright,TE,
Lions,Thomas Gordon,TE,
Lions,Tyler Conklin,TE,
Lions,Dominic Lovett,WR,
Lions,Greg Dortch,WR,
Lions,Jackson Meeks,WR,
Lions,Malik Cunningham,WR,
Lions,Tom Kennedy,WR,
Packers,Carrington Valentine,CB,TRUE
Packers,Keisean Nixon,CB,TRUE
Packers,Devonte Wyatt,DT,TRUE
Packers,Javon Hargrave,DT,TRUE
Packers,Lukas Van Ness,ED,TRUE
Packers,Micah Parsons,ED,TRUE
Packers,Aaron Banks,IOL,TRUE
Packers,Sean Rhyan,IOL,TRUE
Packers,Edgerrin Cooper,LB,TRUE
Packers,Zaire Franklin,LB,TRUE
Packers,Anthony Belton,IOL,TRUE
Packers,Jordan Morgan,IOL,TRUE
Packers,Zach Tom,OT,TRUE
Packers,Jordan Love,QB,TRUE
Packers,Josh Jacobs,RB,TRUE
Packers,Evan Williams,S,TRUE
Packers,Javon Bullard,S,TRUE
Packers,Xavier McKinney,S,TRUE
Packers,Tucker Kraft,TE,TRUE
Packers,Christian Watson,WR,TRUE
Packers,Jayden Reed,WR,TRUE
Packers,Matthew Golden,WR,TRUE
Packers,Benjamin St-Juste,CB,
Packers,Bo Melton,CB,
Packers,Jaylin Simpson,CB,
Packers,Kamal Hadden,CB,
Packers,Shemar Bartholomew,CB,
Packers,Tyron Herring,CB,
Packers,Anthony Campbell,DT,
Packers,Dante Barnett,DT,
Packers,Jaden Crumedy,DT,
Packers,James Ester,DT,
Packers,Jonathan Ford,DT,
Packers,Jordon Riley,DT,
Packers,Karl Brooks,DT,
Packers,Nazir Stackhouse,DT,
Packers,Warren Brinson,DT,
Packers,Arron Mosby,ED,
Packers,Barryn Sorrell,ED,
Packers,Brenton Cox Jr.,ED,
Packers,Collin Oliver,ED,
Packers,Jacob Monk,IOL,
Packers,Karsen Barnhart,IOL,
Packers,Brandon McManus,K,
Packers,Lucas Havrisik,K,
Packers,Isaiah McDuffie,LB,
Packers,Jamon Johnson,LB,
Packers,Kristian Welch,LB,
Packers,Nick Niemann,LB,
Packers,Ty'Ron Hopper,LB,
Packers,Matt Orzech,LS,
Packers,Dalton Cooper,IOL,
Packers,Darian Kinnard,IOL,
Packers,Donovan Jennings,IOL,
Packers,John Williams,IOL,
Packers,Brant Banks,OT,
Packers,Travis Glover,OT,
Packers,Daniel Whelan,P,
Packers,Desmond Ridder,QB,
Packers,Kyle McCord,QB,
Packers,Chris Brooks,RB,
Packers,Damien Martinez,RB,
Packers,MarShawn Lloyd,RB,
Packers,Pierre Strong Jr.,RB,
Packers,Johnathan Baldwin,S,
Packers,Kitan Oladapo,S,
Packers,Mark Perry,S,
Packers,Drake Dabney,TE,
Packers,Josh Whyle,TE,
Packers,Luke Musgrave,TE,
Packers,McCallan Castles,TE,
Packers,Messiah Swinson,TE,
Packers,Dontayvion Wicks,WR,
Packers,Isaiah Neyor,WR,
Packers,Jakobie Keeney-James,WR,
Packers,Savion Williams,WR,
Packers,Skyy Moore,WR,
Packers,Will Sheppard,WR,
Panthers,Chau Smith-Wade,CB,TRUE
Panthers,Jaycee Horn,CB,TRUE
Panthers,Mike Jackson,CB,TRUE
Panthers,Bobby Brown III,DT,TRUE
Panthers,Derrick Brown,ED,TRUE
Panthers,Jaelan Phillips,ED,TRUE
Panthers,Nic Scourton,ED,TRUE
Panthers,Tershawn Wharton,ED,TRUE
Panthers,Nick Scott,S,TRUE
Panthers,Damien Lewis,IOL,TRUE
Panthers,Luke Fortner,IOL,TRUE
Panthers,Robert Hunt,IOL,TRUE
Panthers,Devin Lloyd,LB,TRUE
Panthers,Trevin Wallace,LB,TRUE
Panthers,Ikem Ekwonu,OT,TRUE
Panthers,Taylor Moton,OT,TRUE
Panthers,Bryce Young,QB,TRUE
Panthers,Chuba Hubbard,RB,TRUE
Panthers,Tre'von Moehrig,S,TRUE
Panthers,Tommy Tremble,TE,TRUE
Panthers,Jalen Coker,WR,TRUE
Panthers,Tetairoa McMillan,WR,TRUE
Panthers,Xavier Legette,WR,TRUE
Panthers,Akayleb Evans,CB,
Panthers,Corey Thornton,CB,
Panthers,Michael Reid,CB,
Panthers,Robert Rochell,CB,
Panthers,Tyrek Funderburk,CB,
Panthers,Cam Jackson,DT,
Panthers,Jamil Muhammad,ED,
Panthers,Jared Harrison-Hunte,ED,
Panthers,LaBryan Ray,ED,
Panthers,Nick Hampton,ED,
Panthers,Patrick Jones II,ED,
Panthers,Princely Umanmielen,ED,
Panthers,Thomas Incoom,ED,
Panthers,Trevis Gipson,ED,
Panthers,Chandler Zavala,IOL,
Panthers,Ja'Tyre Carter,IOL,
Panthers,Joshua Gray,IOL,
Panthers,Nick Samac,IOL,
Panthers,Saahdiq Charles,IOL,
Panthers,Ryan Fitzgerald,K,
Panthers,Bam Martin-Scott,LB,
Panthers,Claudin Cherelus,LB,
Panthers,Jacoby Windmon,LB,
Panthers,Jared Bartlett,LB,
Panthers,Maema Njongmeta,LB,
Panthers,Mapalo Mwansa,LB,
Panthers,JJ Jansen,LS,
Panthers,Rasheed Walker,OT,
Panthers,Stone Forsythe,OT,
Panthers,Sam Martin,P,
Panthers,Kenny Pickett,QB,
Panthers,AJ Dillon,RB,
Panthers,Anthony Tyus III,RB,
Panthers,Jonathon Brooks,RB,
Panthers,Montrell Johnson Jr.,RB,
Panthers,Trevor Etienne,RB,
Panthers,Demani Richardson,S,
Panthers,Isaiah Simmons,S,
Panthers,Lathan Ransom,S,
Panthers,Bryce Pierre,TE,
Panthers,Feleipe Franks,TE,
Panthers,Ja'Tavion Sanders,TE,
Panthers,James Mitchell,TE,
Panthers,Mitchell Evans,TE,
Panthers,Ainias Smith,WR,
Panthers,Brycen Tremayne,WR,
Panthers,Dan Chisena,WR,
Panthers,David Moore,WR,
Panthers,Ja'seem Reed,WR,
Panthers,Jimmy Horn Jr.,WR,
Panthers,John Metchie III,WR,
Patriots,Carlton Davis III,CB,TRUE
Patriots,Christian Gonzalez,CB,TRUE
Patriots,Marcus Jones,CB,TRUE
Patriots,Cory Durden,DT,TRUE
Patriots,Christian Barmore,ED,TRUE
Patriots,Dre'Mont Jones,ED,TRUE
Patriots,Harold Landry III,ED,TRUE
Patriots,Milton Williams,ED,TRUE
Patriots,Alijah Vera-Tucker,IOL,TRUE
Patriots,Jared Wilson,IOL,TRUE
Patriots,Christian Elliss,LB,TRUE
Patriots,Robert Spillane,LB,TRUE
Patriots,Mike Onwenu,IOL,TRUE
Patriots,Morgan Moses,OT,TRUE
Patriots,Will Campbell,OT,TRUE
Patriots,Drake Maye,QB,TRUE
Patriots,Rhamondre Stevenson,RB,TRUE
Patriots,Kevin Byard,S,TRUE
Patriots,Hunter Henry,TE,TRUE
Patriots,Kayshon Boutte,WR,TRUE
Patriots,Mack Hollins,WR,TRUE
Patriots,Romeo Doubs,WR,TRUE
Patriots,Brandon Crossley,CB,
Patriots,Charles Woods,CB,
Patriots,Kindle Vildor,CB,
Patriots,Kobee Minor,CB,
Patriots,Marcellas Dial Jr.,CB,
Patriots,Eric Gregory,DT,
Patriots,Bradyn Swinson,ED,
Patriots,Elijah Ponder,ED,
Patriots,Jeremiah Pharms Jr.,ED,
Patriots,Jesse Luketa,ED,
Patriots,Joshua Farmer,ED,
Patriots,Leonard Taylor III,ED,
Patriots,Brock Lampe,FB,
Patriots,Jack Westover,FB,
Patriots,Reggie Gilliam,FB,
Patriots,Andrew Rupcich,IOL,
Patriots,Ben Brown,IOL,
Patriots,Mehki Butler,IOL,
Patriots,Andy Borregales,K,
Patriots,Amari Gainer,LB,
Patriots,Chad Muma,LB,
Patriots,K.J. Britt,LB,
Patriots,Marte Mapu,LB,
Patriots,Otis Reese,LB,
Patriots,Julian Ashby,LS,
Patriots,Niko Lalos,LS,
Patriots,Caedan Wallace,IOL,
Patriots,James Hudson III,OT,
Patriots,Lorenz Metz,OT,
Patriots,Marcus Bryant,OT,
Patriots,Sebastian Gutierrez,OT,
Patriots,Bryce Baringer,P,
Patriots,Tommy DeVito,QB,
Patriots,Elijah Mitchell,RB,
Patriots,Lan Larison,RB,
Patriots,Terrell Jennings,RB,
Patriots,TreVeyon Henderson,RB,
Patriots,Brenden Schooler,S,
Patriots,Craig Woodson,S,
Patriots,Dell Pettus,S,
Patriots,John Saunders Jr.,S,
Patriots,Mike Brown,S,
Patriots,CJ Dippre,TE,
Patriots,Julian Hill,TE,
Patriots,Marshall Lang,TE,
Patriots,DeMario Douglas,WR,
Patriots,Efton Chism III,WR,
Patriots,Jeremiah Webb,WR,
Patriots,John Jiles,WR,
Patriots,Kyle Williams,WR,
Raiders,Darien Porter,CB,TRUE
Raiders,Eric Stokes,CB,TRUE
Raiders,Taron Johnson,CB,TRUE
Raiders,Adam Butler,DT,TRUE
Raiders,Jonah Laulu,DT,TRUE
Raiders,Kwity Paye,ED,TRUE
Raiders,Maxx Crosby,ED,TRUE
Raiders,Tyree Wilson,ED,TRUE
Raiders,Jackson Powers-Johnson,IOL,TRUE
Raiders,Spencer Burford,IOL,TRUE
Raiders,Tyler Linderbaum,IOL,TRUE
Raiders,Nakobe Dean,LB,TRUE
Raiders,Quay Walker,LB,TRUE
Raiders,DJ Glaze,OT,TRUE
Raiders,Kolton Miller,OT,TRUE
Raiders,Kirk Cousins,QB,TRUE
Raiders,Ashton Jeanty,RB,TRUE
Raiders,Isaiah Pola-Mao,S,TRUE
Raiders,Jeremy Chinn,S,TRUE
Raiders,Brock Bowers,TE,TRUE
Raiders,Jack Bech,WR,TRUE
Raiders,Jalen Nailor,WR,TRUE
Raiders,Tre Tucker,WR,TRUE
Raiders,Aidan O'Connell,QB,
Raiders,Chigozie Anusiem,CB,
Raiders,Decamerion Richardson,CB,
Raiders,Greedy Vance,CB,
Raiders,Brodric Martin,DT,
Raiders,JJ Pegues,DT,
Raiders,Thomas Booker IV,DT,
Raiders,Treven Ma'ae,DT,
Raiders,Brennan Jackson,ED,
Raiders,Charles Snowden,ED,
Raiders,Jahfari Harvey,ED,
Raiders,Malcolm Koonce,ED,
Raiders,Tonka Hemingway,ED,
Raiders,Connor Heyward,FB,
Raiders,Atonio Mafi,IOL,
Raiders,Caleb Rogers,IOL,
Raiders,Jordan Meredith,IOL,
Raiders,Laki Tasi,IOL,
Raiders,Layden Robinson,IOL,
Raiders,McClendon Curtis,IOL,
Raiders,Will Putnam,IOL,
Raiders,Matt Gay,K,
Raiders,Cody Lindenberg,LB,
Raiders,Jamin Davis,LB,
Raiders,Segun Olubi,LB,
Raiders,Tommy Eichenberg,LB,
Raiders,Alex Ward,LS,
Raiders,Charles Grant,OT,
Raiders,Dalton Wagner,OT,
Raiders,Joshua Miles,OT,
Raiders,AJ Cole,P,
Raiders,Chris Collier,RB,
Raiders,Dylan Laube,RB,
Raiders,Tristin McCollum,S,
Raiders,Albert Okwuegbunam Jr.,TE,
Raiders,Carter Runyon,TE,
Raiders,Michael Mayer,TE,
Raiders,Brenden Rice,WR,
Raiders,Dareke Young,WR,
Raiders,Dont'e Thornton Jr.,WR,
Raiders,Justin Shorter,WR,
Raiders,Phillip Dorsett II,WR,
Raiders,Shedrick Jackson,WR,
Rams,Jaylen Watson,CB,TRUE
Rams,Trent McDuffie,CB,TRUE
Rams,Kobie Turner,DT,TRUE
Rams,Poona Ford,DT,TRUE
Rams,Braden Fiske,ED,TRUE
Rams,Byron Young,ED,TRUE
Rams,Jared Verse,ED,TRUE
Rams,Coleman Shelton,IOL,TRUE
Rams,Kevin Dotson,IOL,TRUE
Rams,Steve Avila,IOL,TRUE
Rams,Nate Landman,LB,TRUE
Rams,Omar Speights,LB,TRUE
Rams,Alaric Jackson,OT,TRUE
Rams,Warren McClendon Jr.,OT,TRUE
Rams,Matthew Stafford,QB,TRUE
Rams,Kyren Williams,RB,TRUE
Rams,Kam Curl,S,TRUE
Rams,Kamren Kinchens,S,TRUE
Rams,Quentin Lake,S,TRUE
Rams,Colby Parkinson,TE,TRUE
Rams,Davante Adams,WR,TRUE
Rams,Jordan Whittington,WR,TRUE
Rams,Puka Nacua,WR,TRUE
Rams,Alex Johnson,CB,
Rams,Cam Lampkin,CB,
Rams,Emmanuel Forbes Jr.,CB,
Rams,Josh Wallace,CB,
Rams,Bill Norton,DT,
Rams,Larrell Murchison,DT,
Rams,Ty Hamilton,DT,
Rams,Tyler Davis,DT,
Rams,Desjuan Johnson,ED,
Rams,Josaiah Stewart,ED,
Rams,Keir Thomas II,ED,
Rams,Beaux Limmer,IOL,
Rams,Dylan McMahon,IOL,
Rams,Justin Dedich,IOL,
Rams,Wyatt Bowles,IOL,
Rams,Harrison Mevis,K,
Rams,Elias Neal,LB,
Rams,Grant Stuard,LB,
Rams,Shaun Dolac,LB,
Rams,Joe Cardona,LS,
Rams,AJ Arcuri,OT,
Rams,David Quessenberry,OT,
Rams,Ethan Evans,P,
Rams,Stetson Bennett IV,QB,
Rams,Blake Corum,RB,
Rams,Jarquez Hunter,RB,
Rams,Jordan Waters,RB,
Rams,Ronnie Rivers,RB,
Rams,Jaylen McCollough,S,
Rams,Nate Valcarcel,S,
Rams,Tanner Ingle,S,
Rams,Davis Allen,TE,
Rams,Mark Redman,TE,
Rams,Terrance Ferguson,TE,
Rams,Tyler Higbee,TE,
Rams,Brennan Presley,WR,
Rams,Konata Mumpfield,WR,
Rams,Mario Williams,WR,
Rams,Tru Edwards,WR,
Rams,Tyler Scott,WR,
Rams,Xavier Smith,WR,
Ravens,Chidobe Awuzie,CB,TRUE
Ravens,Marlon Humphrey,CB,TRUE
Ravens,Nate Wiggins,CB,TRUE
Ravens,Broderick Washington Jr.,DT,TRUE
Ravens,Travis Jones,DT,TRUE
Ravens,Nnamdi Madubuike,ED,TRUE
Ravens,Tavius Robinson,ED,TRUE
Ravens,Trey Hendrickson,ED,TRUE
Ravens,Andrew Vorhees,IOL,TRUE
Ravens,Corey Bullock,IOL,TRUE
Ravens,John Simpson,IOL,TRUE
Ravens,Roquan Smith,LB,TRUE
Ravens,Teddye Buchanan,LB,TRUE
Ravens,Roger Rosengarten,OT,TRUE
Ravens,Ronnie Stanley,OT,TRUE
Ravens,Lamar Jackson,QB,TRUE
Ravens,Derrick Henry,RB,TRUE
Ravens,Kyle Hamilton,S,TRUE
Ravens,Malaki Starks,S,TRUE
Ravens,Mark Andrews,TE,TRUE
Ravens,Devontez Walker,WR,TRUE
Ravens,Rashod Bateman,WR,TRUE
Ravens,Zay Flowers,WR,TRUE
Ravens,Amani Oruwariye,CB,
Ravens,Bilhal Kone,CB,
Ravens,Keyon Martin,CB,
Ravens,Marquise Robinson,CB,
Ravens,Robert Longerbeam,CB,
Ravens,T.J. Tampa,CB,
Ravens,C.J. Okoye,DT,
Ravens,David Olajiga,DT,
Ravens,John Jenkins,DT,
Ravens,Adisa Isaac,ED,
Ravens,Aeneas Peebles,ED,
Ravens,Kaimon Rucker,ED,
Ravens,Mike Green,ED,
Ravens,Lucas Scott,FB,
Ravens,Danny Pinter,IOL,
Ravens,Jared Penning,IOL,
Ravens,Jovaughn Gwyn,IOL,
Ravens,Tyler Loop,K,
Ravens,Carl Jones,LB,
Ravens,Jay Higgins IV,LB,
Ravens,Trenton Simpson,LB,
Ravens,Nick Moore,LS,
Ravens,Emery Jones Jr.,IOL,
Ravens,Carson Vinson,OT,
Ravens,Gerad Lichtenhan,OT,
Ravens,Tyler Huntley,QB,
Ravens,Justice Hill,RB,
Ravens,Rasheen Ali,RB,
Ravens,Jaylinn Hawkins,S,
Ravens,Keondre Jackson,S,
Ravens,Durham Smythe,TE,
Ravens,Cornelius Johnson,WR,
Ravens,Dayton Wade,WR,
Ravens,LaJohntay Wester,WR,
Saints,Isaac Yiadom,CB,TRUE
Saints,Kool-Aid McKinstry,CB,TRUE
Saints,Quincy Riley,CB,TRUE
Saints,Davon Godchaux,DT,TRUE
Saints,Nathan Shepherd,DT,TRUE
Saints,Bryan Bresee,ED,TRUE
Saints,Carl Granderson,ED,TRUE
Saints,Chase Young,ED,TRUE
Saints,Cesar Ruiz,IOL,TRUE
Saints,David Edwards,IOL,TRUE
Saints,Erik McCoy,IOL,TRUE
Saints,Kaden Elliss,LB,TRUE
Saints,Pete Werner,LB,TRUE
Saints,Kelvin Banks Jr.,OT,TRUE
Saints,Taliese Fuaga,OT,TRUE
Saints,Tyler Shough,QB,TRUE
Saints,Travis Etienne Jr.,RB,TRUE
Saints,Jonas Sanker,S,TRUE
Saints,Justin Reid,S,TRUE
Saints,Juwan Johnson,TE,TRUE
Saints,Chris Olave,WR,TRUE
Saints,Devaughn Vele,WR,TRUE
Saints,Mason Tipton,WR,TRUE
Saints,Beanie Bishop,CB,
Saints,Dalys Beanum,CB,
Saints,Jayden Price,CB,
Saints,Rejzohn Wright,CB,
Saints,Coziah Izzard,DT,
Saints,John Ridgeway III,DT,
Saints,Khristian Boyd,DT,
Saints,Chris Rumph II,ED,
Saints,Fadil Diggs,ED,
Saints,Myles Cole,ED,
Saints,Vernon Broughton,ED,
Saints,Nick Saldiveri,IOL,
Saints,Torricelli Simpkins III,IOL,
Saints,Charlie Smyth,K,
Saints,Danny Stutsman,LB,
Saints,Isaiah Stalbird,LB,
Saints,Jaylan Ford,LB,
Saints,Zach Wood,LS,
Saints,Asim Richards,IOL,
Saints,Dillon Radunz,IOL,
Saints,Easton Kilty,IOL,
Saints,William Sherman,IOL,
Saints,Xavier Truss,IOL,
Saints,Barry Wesley,OT,
Saints,Ryan Wright,P,
Saints,Spencer Rattler,QB,
Saints,Zach Wilson,QB,
Saints,Alvin Kamara,RB,
Saints,Audric Estimé,RB,
Saints,Devin Neal,RB,
Saints,Evan Hull,RB,
Saints,Kendre Miller,RB,
Saints,Ty Chandler,RB,
Saints,Elliott Davison,S,
Saints,Jordan Howden,S,
Saints,Julian Blackmon,S,
Saints,Terrell Burgess,S,
Saints,Moliki Matavao,TE,
Saints,Noah Fant,TE,
Saints,Treyton Welch,TE,
Saints,Zaire Mitchell-Paden,TE,
Saints,Bub Means,WR,
Saints,Damien Alford,WR,
Saints,Elijah Cooks,WR,
Saints,Ja'Lynn Polk,WR,
Saints,Kevin Austin Jr.,WR,
Saints,Ronnie Bell,WR,
Saints,Samori Toure,WR,
Saints,Trey Palmer,WR,
Seahawks,Devon Witherspoon,CB,TRUE
Seahawks,Josh Jobe,CB,TRUE
Seahawks,Byron Murphy II,DT,TRUE
Seahawks,Jarran Reed,DT,TRUE
Seahawks,DeMarcus Lawrence,ED,TRUE
Seahawks,Leonard Williams,ED,TRUE
Seahawks,Uchenna Nwosu,ED,TRUE
Seahawks,Anthony Bradford,IOL,TRUE
Seahawks,Grey Zabel,IOL,TRUE
Seahawks,Jalen Sundell,IOL,TRUE
Seahawks,Drake Thomas,LB,TRUE
Seahawks,Ernest Jones IV,LB,TRUE
Seahawks,Abraham Lucas,OT,TRUE
Seahawks,Charles Cross,OT,TRUE
Seahawks,Sam Darnold,QB,TRUE
Seahawks,Zach Charbonnet,RB,TRUE
Seahawks,Julian Love,S,TRUE
Seahawks,Nick Emmanwori,S,TRUE
Seahawks,Ty Okada,S,TRUE
Seahawks,AJ Barner,TE,TRUE
Seahawks,Cooper Kupp,WR,TRUE
Seahawks,Jaxon Smith-Njigba,WR,TRUE
Seahawks,Rashid Shaheed,WR,TRUE
Seahawks,Nehemiah Pritchett,CB,
Seahawks,Noah Igbinoghene,CB,
Seahawks,Shemar Jean-Charles,CB,
Seahawks,Brandon Pili,DT,
Seahawks,Bubba Thomas,DT,
Seahawks,J.R. Singleton,DT,
Seahawks,Rylie Mills,DT,
Seahawks,Connor O'Toole,ED,
Seahawks,Derick Hall,ED,
Seahawks,Jalan Gaines,ED,
Seahawks,Jamie Sheriff,ED,
Seahawks,Jared Ivey,ED,
Seahawks,Mike Morris,ED,
Seahawks,Brady Russell,FB,
Seahawks,Robbie Ouzts,FB,
Seahawks,Bryce Cabeldue,IOL,
Seahawks,Christian Haynes,IOL,
Seahawks,Federico Maranges,IOL,
Seahawks,Olu Oluwatimi,IOL,
Seahawks,Jason Myers,K,
Seahawks,Chazz Surratt,LB,
Seahawks,Chris Paul Jr.,LB,
Seahawks,Ja'Markis Weston,LB,
Seahawks,Patrick O'Connell,LB,
Seahawks,Tyrice Knight,LB,
Seahawks,Chris Stoll,LS,
Seahawks,Josh Jones,IOL,
Seahawks,Mason Richman,IOL,
Seahawks,Amari Kight,OT,
Seahawks,Logan Brown,OT,
Seahawks,Michael Dickson,P,
Seahawks,Drew Lock,QB,
Seahawks,Jalen Milroe,QB,
Seahawks,Cam Akers,RB,
Seahawks,Emanuel Wilson,RB,
Seahawks,George Holani,RB,
Seahawks,Jacardia Wright,RB,
Seahawks,Kenny McIntosh,RB,
Seahawks,Velus Jones Jr.,RB,
Seahawks,AJ Finley,S,
Seahawks,D'Anthony Bell,S,
Seahawks,Maxen Hook,S,
Seahawks,Rodney Thomas II,S,
Seahawks,Elijah Arroyo,TE,
Seahawks,Eric Saubert,TE,
Seahawks,Nick Kallerup,TE,
Seahawks,Cody White,WR,
Seahawks,Jake Bobo,WR,
Seahawks,Montorie Foster Jr.,WR,
Seahawks,Ricky White III,WR,
Seahawks,Tory Horton,WR,
Seahawks,Tyrone Broden,WR,
Steelers,Brandin Echols,CB,TRUE
Steelers,Jamel Dean,CB,TRUE
Steelers,Joey Porter Jr.,CB,TRUE
Steelers,Cameron Heyward,DT,TRUE
Steelers,Keeanu Benton,DT,TRUE
Steelers,Alex Highsmith,ED,TRUE
Steelers,Derrick Harmon,ED,TRUE
Steelers,T.J. Watt,ED,TRUE
Steelers,Mason McCormick,IOL,TRUE
Steelers,Spencer Anderson,IOL,TRUE
Steelers,Zach Frazier,IOL,TRUE
Steelers,Patrick Queen,LB,TRUE
Steelers,Payton Wilson,LB,TRUE
Steelers,Broderick Jones,OT,TRUE
Steelers,Troy Fautanu,OT,TRUE
Steelers,Mason Rudolph,QB,TRUE
Steelers,Jaylen Warren,RB,TRUE
Steelers,DeShon Elliott,S,TRUE
Steelers,Jalen Ramsey,S,TRUE
Steelers,Darnell Washington,TE,TRUE
Steelers,DK Metcalf,WR,TRUE
Steelers,Michael Pittman Jr.,WR,TRUE
Steelers,Roman Wilson,WR,TRUE
Steelers,Asante Samuel Jr.,CB,
Steelers,Cory Trice Jr.,CB,
Steelers,D'Shawn Jamison,CB,
Steelers,Daequan Hardy,CB,
Steelers,Doneiko Slaughter,CB,
Steelers,Donte Kent,CB,
Steelers,Esezi Otomewo,DT,
Steelers,Kyler Baugh,DT,
Steelers,Logan Lee,DT,
Steelers,Yahya Black,DT,
Steelers,Anthony Goodlow,ED,
Steelers,Jack Sawyer,ED,
Steelers,Jahvaree Ritzie,ED,
Steelers,Julius Welschof,ED,
Steelers,KJ Henry,ED,
Steelers,Nick Herbig,ED,
Steelers,Sebastian Joseph-Day,ED,
Steelers,Aiden Williams,IOL,
Steelers,Brock Hoffman,IOL,
Steelers,Ryan McCollum,IOL,
Steelers,Sataoa Laumea,IOL,
Steelers,Chris Boswell,K,
Steelers,Carson Bruener,LB,
Steelers,Cole Holcomb,LB,
Steelers,Malik Harrison,LB,
Steelers,Cal Adomitis,LS,
Steelers,Christian Kuntz,LS,
Steelers,Doug Nester,IOL,
Steelers,Jack Driscoll,IOL,
Steelers,Lorenzo Thompson,IOL,
Steelers,Steven Jones,IOL,
Steelers,Dylan Cook,OT,
Steelers,Cameron Johnston,P,
Steelers,Will Howard,QB,
Steelers,Kaleb Johnson,RB,
Steelers,Lew Nichols,RB,
Steelers,Rico Dowdle,RB,
Steelers,Travis Homer,RB,
Steelers,Darnell Savage,S,
Steelers,Jack Henderson,S,
Steelers,Jaquan Brisker,S,
Steelers,Sebastian Castro,S,
Steelers,JJ Galbreath,TE,
Steelers,Pat Freiermuth,TE,
Steelers,A.T. Perry,WR,
Steelers,Ben Skowronek,WR,
Steelers,Brandon Smith,WR,
Steelers,Cole Burgess,WR,
Steelers,John Rhys Plumlee,WR,
Steelers,Max Hurleman,WR,
Texans,Derek Stingley Jr.,CB,TRUE
Texans,Kamari Lassiter,CB,TRUE
Texans,Sheldon Rankins,DT,TRUE
Texans,Tommy Togiai,DT,TRUE
Texans,Danielle Hunter,ED,TRUE
Texans,Will Anderson Jr.,ED,TRUE
Texans,Ed Ingram,IOL,TRUE
Texans,Jake Andrews,IOL,TRUE
Texans,Wyatt Teller,IOL,TRUE
Texans,Azeez Al-Shaair,LB,TRUE
Texans,Henry To'oTo'o,LB,TRUE
Texans,Aireontae Ersery,OT,TRUE
Texans,Braden Smith,OT,TRUE
Texans,C.J. Stroud,QB,TRUE
Texans,David Montgomery,RB,TRUE
Texans,Calen Bullock,S,TRUE
Texans,Jalen Pitre,S,TRUE
Texans,Reed Blankenship,S,TRUE
Texans,Dalton Schultz,TE,TRUE
Texans,Jayden Higgins,WR,TRUE
Texans,Nico Collins,WR,TRUE
Texans,Tank Dell,WR,TRUE
Texans,Ajani Carter,CB,
Texans,Alijah Huzzie,CB,
Texans,Brandon Codrington,CB,
Texans,Ja'Marcus Ingram,CB,
Texans,Jaylin Smith,CB,
Texans,Tremon Smith,CB,
Texans,Junior Tafuna,DT,
Texans,Kyonte Hamilton,DT,
Texans,Logan Hall,DT,
Texans,Naquan Jones,DT,
Texans,Dominique Robinson,ED,
Texans,Dylan Horton,ED,
Texans,Solomon Byrd,ED,
Texans,Xavier Thomas,ED,
Texans,British Brooks,FB,
Texans,Eli Cox,IOL,
Texans,Evan Brown,IOL,
Texans,Jarrett Patterson,IOL,
Texans,Sidy Sow,IOL,
Texans,Ka'imi Fairbairn,K,
Texans,E.J. Speed,LB,
Texans,Jake Hansen,LB,
Texans,Jake Hummel,LB,
Texans,Jamal Hill,LB,
Texans,Austin Brinkman,LS,
Texans,Jarrett Kingston,IOL,
Texans,Blake Fisher,OT,
Texans,Trent Brown,OT,
Texans,Kai Kroeger,P,
Texans,Davis Mills,QB,
Texans,Graham Mertz,QB,
Texans,Jawhar Jordan,RB,
Texans,Woody Marks,RB,
Texans,Jaylen Reed,S,
Texans,Kaevon Merriweather,S,
Texans,M.J. Stewart,S,
Texans,Brevin Jordan,TE,
Texans,Cade Stover,TE,
Texans,Foster Moreau,TE,
Texans,Layne Pryor,TE,
Texans,Luke Lachey,TE,
Texans,Jared Wayne,WR,
Texans,Jaylin Noel,WR,
Texans,Josh Kelly,WR,
Texans,Justin Watson,WR,
Texans,Xavier Hutchinson,WR,
Titans,Alontae Taylor,CB,TRUE
Titans,Cor'Dale Flott,CB,TRUE
Titans,Marcus Harris,CB,TRUE
Titans,Jeffery Simmons,DT,TRUE
Titans,John Franklin-Myers,DT,TRUE
Titans,Jermaine Johnson II,ED,TRUE
Titans,Oluwafemi Oladejo,ED,TRUE
Titans,Austin Schlottmann,IOL,TRUE
Titans,Cordell Volson,IOL,TRUE
Titans,Peter Skoronski,IOL,TRUE
Titans,Cedric Gray,LB,TRUE
Titans,Cody Barton,LB,TRUE
Titans,Dan Moore Jr.,OT,TRUE
Titans,JC Latham,OT,TRUE
Titans,Cam Ward,QB,TRUE
Titans,Tony Pollard,RB,TRUE
Titans,Amani Hooker,S,TRUE
Titans,Kevin Winston Jr.,S,TRUE
Titans,Gunnar Helm,TE,TRUE
Titans,Calvin Ridley,WR,TRUE
Titans,Elic Ayomanor,WR,TRUE
Titans,Wan'Dale Robinson,WR,TRUE
Titans,Joshua Williams,CB,
Titans,Keydrain Calligan,CB,
Titans,Micah Robinson,CB,
Titans,C.J. Ravenell,DT,
Titans,Cam Horsley,DT,
Titans,Earnest Brown IV,DT,
Titans,Isaiah Raikes,DT,
Titans,Jordan Elliott,DT,
Titans,Solomon Thomas,DT,
Titans,Timmy Horne,DT,
Titans,Ali Gaye,ED,
Titans,David Ebuka Agoha,ED,
Titans,Jacob Martin,ED,
Titans,Jaylen Harrell,ED,
Titans,Malik Herring,ED,
Titans,Nate Lynn,ED,
Titans,Truman Jones,ED,
Titans,Clay Webb,IOL,
Titans,Drew Moss,IOL,
Titans,Garrett Dellinger,IOL,
Titans,Jackson Slater,IOL,
Titans,Trey Hill,IOL,
Titans,Joey Slye,K,
Titans,Cam Riley,LB,
Titans,Dorian Mausi,LB,
Titans,James Williams Sr.,LB,
Titans,Mohamoud Diabate,LB,
Titans,Morgan Cox,LS,
Titans,Austin Deculus,OT,
Titans,Brandon Crenshaw-Dickson,OT,
Titans,Ryan Hayes,OT,
Titans,Tommy Townsend,P,
Titans,Mitchell Trubisky,QB,
Titans,Will Levis,QB,
Titans,Blake Watson,RB,
Titans,Julius Chestnut,RB,
Titans,Kalel Mullings,RB,
Titans,Tyjae Spears,RB,
Titans,Erick Hallett,S,
Titans,Jerrick Reed II,S,
Titans,Kendell Brooks,S,
Titans,Sanoussi Kane,S,
Titans,Tony Adams,S,
Titans,Daniel Bellinger,TE,
Titans,David Martin-Robinson,TE,
Titans,Joel Wilson,TE,
Titans,Kylen Granson,TE,
Titans,Bryce Oliver,WR,
Titans,Chimere Dike,WR,
Titans,Hal Presley III,WR,
Titans,Mason Kinsey,WR,
Titans,Xavier Restrepo,WR,
Vikings,Byron Murphy Jr.,CB,TRUE
Vikings,Isaiah Rodgers,CB,TRUE
Vikings,James Pierre,CB,TRUE
Vikings,Levi Drake Rodriguez,DT,TRUE
Vikings,Andrew Van Ginkel,ED,TRUE
Vikings,Jalen Redmond,ED,TRUE
Vikings,Jonathan Greenard,ED,TRUE
Vikings,Tyrion Ingram-Dawkins,ED,TRUE
Vikings,Donovan Jackson,IOL,TRUE
Vikings,Will Fries,IOL,TRUE
Vikings,Blake Cashman,LB,TRUE
Vikings,Eric Wilson,LB,TRUE
Vikings,Blake Brandel,IOL,TRUE
Vikings,Brian O'Neill,OT,TRUE
Vikings,Christian Darrisaw,OT,TRUE
Vikings,Kyler Murray,QB,TRUE
Vikings,Aaron Jones Sr.,RB,TRUE
Vikings,Jay Ward,S,TRUE
Vikings,Joshua Metellus,S,TRUE
Vikings,T.J. Hockenson,TE,TRUE
Vikings,Jordan Addison,WR,TRUE
Vikings,Justin Jefferson,WR,TRUE
Vikings,Tai Felton,WR,TRUE
Vikings,Dwight McGlothern,CB,
Vikings,Zemaiah Vaughn,CB,
Vikings,Taki Taimani,DT,
Vikings,Bo Richter,ED,
Vikings,Chaz Chambliss,ED,
Vikings,Dallas Turner,ED,
Vikings,Elijah Williams,ED,
Vikings,Jaylon Hutchings,ED,
Vikings,Tyler Batty,ED,
Vikings,Joe Huber,IOL,
Vikings,Michael Jurgens,IOL,
Vikings,Vershon Lee,IOL,
Vikings,Will Reichard,K,
Vikings,Ivan Pace Jr.,LB,
Vikings,Jacob Roberts,LB,
Vikings,Josh Ross,LB,
Vikings,Andrew DePaola,LS,
Vikings,Henry Byrd,IOL,
Vikings,Caleb Etienne,OT,
Vikings,Ryan Van Demark,OT,
Vikings,Walter Rouse,OT,
Vikings,Johnny Hekker,P,
Vikings,Carson Wentz,QB,
Vikings,J.J. McCarthy,QB,
Vikings,Max Brosmer,QB,
Vikings,Jordan Mason,RB,
Vikings,Zavier Scott,RB,
Vikings,Kahlef Hailassie,S,
Vikings,Tavierre Thomas,S,
Vikings,Theo Jackson,S,
Vikings,Ben Yurosek,TE,
Vikings,Bryson Nesbit,TE,
Vikings,Gavin Bartholomew,TE,
Vikings,Josh Oliver,TE,
Vikings,Dontae Fleming,WR,
Vikings,Jeshaun Jones,WR,
Vikings,Joaquin Davis,WR,
Vikings,Myles Price,WR,