Player,Rank,Position,College,College Logo
Arch Manning,1,QB,Texas,texas.png
Dante Moore,2,QB,Oregon,oregon.png
Jeremiah Smith,3,WR,Ohio State,ohio-state.png
Colin Simmons,4,ED,Texas,texas.png
Leonard Moore,5,CB,Notre Dame,notre-dame.png
Julian Sayin,6,QB,Ohio State,ohio-state.png
Dylan Stewart,7,ED,South Carolina,south-carolina.png
Jordan Seaton,8,OT,LSU,lsu.png
Matayo Uiagalelei,9,ED,Oregon,oregon.png
Cam Coleman,10,WR,Texas,texas.png
Trevor Goosby,11,OT,Texas,texas.png
Ellis Robinson IV,12,CB,Georgia,georgia.png
Zabien Brown,13,CB,Alabama,alabama.png
KJ Bolden,14,S,Georgia,georgia.png
David Stone,15,DL,Oklahoma,oklahoma.png
Brendan Sorsby,16,QB,Texas Tech,texas-tech.png
Ryan Williams,17,WR,Alabama,alabama.png
CJ Carr,18,QB,Notre Dame,notre-dame.png
Darian Mensah,19,QB,Miami (FL),miami-fl.png
LaNorris Sellers,20,QB,South Carolina,south-carolina.png
A'Mauri Washington,21,DL,Oregon,oregon.png
Jamari Johnson,22,TE,Oregon,oregon.png
Trey'Dez Green,23,TE,LSU,lsu.png
Ahmad Hardy,24,RB,Missouri,missouri.png
Jayden Maiava,25,QB,USC,usc.png
Ahmad Moten Sr.,26,DL,Miami (FL),miami-fl.png
Austin Siereveld,27,OT,Ohio State,ohio-state.png
Dylan Raiola,28,QB,Oregon,oregon.png
Quincy Rhodes Jr.,29,ED,Arkansas,arkansas.png
Kewan Lacy,30,RB,Mississippi,mississippi.png
Cayden Green,31,OT,Missouri,missouri.png
Kyngstonn Viliamu-Asa,32,LB,Notre Dame,notre-dame.png
DJ Lagway,33,QB,Baylor,baylor.png
Kelley Jones,34,CB,Mississippi State,mississippi-state.png
Anthony Smith,35,DL,Minnesota,minnesota.png
Mario Craver,36,WR,Texas A&M,texas-am.png
Koi Perich,37,S,Oregon,oregon.png
Nick Marsh,38,WR,Indiana,indiana.png
Sammy Brown,39,LB,Clemson,clemson.png
Omarion Miller,40,WR,Arizona State,arizona-state.png
Damon Wilson Jr.,41,ED,Miami (FL),miami-fl.png
Brauntae Johnson,42,S,Notre Dame,notre-dame.png
OJ Frederique Jr.,43,CB,Miami (FL),miami-fl.png
Will Heldt,44,ED,Clemson,clemson.png
Nate Frazier,45,RB,Georgia,georgia.png
Chris Peal,46,CB,Syracuse,syracuse.png
Rasheem Biles,47,LB,Texas,texas.png
Trinidad Chambliss,48,QB,Mississippi,mississippi.png
Charlie Becker,49,WR,Indiana,indiana.png
Ty Benefield,50,S,LSU,lsu.png
Princewill Umanmielen,51,ED,LSU,lsu.png
Trevor Lauck,52,OT,Iowa,iowa.png
Ashton Hampton,53,CB,Clemson,clemson.png
Jayden Jackson,54,DL,Oklahoma State,oklahoma-state.png
Kenyatta Jackson,55,ED,Ohio State,ohio-state.png
Jordan Ross,56,DL,LSU,lsu.png
Bear Alexander,57,DL,Oregon,oregon.png
Mateen Ibirogba,58,DL,Texas Tech,texas-tech.png
Blake Frazier,59,OT,Michigan,michigan.png
Brice Pollock,60,CB,Texas Tech,texas-tech.png
Carter Smith,61,OT,Indiana,indiana.png
Justin Scott,62,DL,Miami (FL),miami-fl.png
Boubacar Traore,63,ED,Notre Dame,notre-dame.png
Nyck Harbor,64,WR,South Carolina,south-carolina.png
Drew Mestemaker,65,QB,Oklahoma State,oklahoma-state.png
Yhonzae Pierre,66,ED,Alabama,alabama.png
Ryan Wingo,67,WR,Texas,texas.png
Suntarine Perkins,68,LB,Mississippi,mississippi.png
LJ McCray,69,ED,Florida,florida.png
John Henry Daley,70,ED,Michigan,michigan.png
Drew Bobo,71,IOL,Georgia,georgia.png
Bray Hubbard,72,S,Alabama,alabama.png
TJ Moore,73,WR,Clemson,clemson.png
Coen Echols,74,IOL,Texas A&M,texas-am.png
Mario Landino,75,DL,Indiana,indiana.png
Maraad Watson,76,DL,Texas,texas.png
William Echoles,77,DL,Mississippi,mississippi.png
Lance Heard,78,OT,Kentucky,kentucky.png
Charles Jagusah,79,IOL,Notre Dame,notre-dame.png
Jelani McDonald,80,S,Texas,texas.png
Jamari Sharpe,81,CB,Indiana,indiana.png
Anthonie Knapp,82,OT,Notre Dame,notre-dame.png
Whit Weeks,83,LB,LSU,lsu.png
Braylon Staley,84,WR,Tennessee,tennessee.png
Marcus Neal Jr.,85,S,Penn State,penn-state.png
Chris Cole,86,LB,Georgia,georgia.png
A.J. Holmes Jr,87,DL,Texas Tech,texas-tech.png
Niki Prongos,88,OT,Stanford,stanford.png
Eric Singleton Jr.,89,WR,Florida,florida.png
Kade Pieper,90,IOL,Iowa,iowa.png
Terrance Carter,91,TE,Texas Tech,texas-tech.png
Zach Lutmer,92,S,Iowa,iowa.png
Josh Hoover,93,QB,Indiana,indiana.png
Demond Williams Jr.,94,QB,Washington,washington.png
Sam Leavitt,95,QB,LSU,lsu.png
Earl Little II,96,S,Ohio State,ohio-state.png
Andrew Sprague,97,OT,Michigan,michigan.png
Sheridan Wilson,98,IOL,Texas Tech,texas-tech.png
A.J. Harris,99,CB,Indiana,indiana.png
Isaac Smith,100,S,Mississippi State,mississippi-state.png
Xavier Scott,101,S,Illinois,illinois.png
David Oke,102,DL,Arkansas,arkansas.png
Earnest Greene,103,OT,Georgia,georgia.png
John Mateer,104,QB,Oklahoma,oklahoma.png
Jermaine Mathews Jr.,105,CB,Ohio State,ohio-state.png
Raleek Brown,106,RB,Texas,texas.png
Elijah Pritchett,107,OT,Nebraska,nebraska.png
Raion Strader,108,CB,Pittsburgh,pittsburgh.png
Peyton Bowen,109,S,Oklahoma,oklahoma.png
Daniel Harris,110,CB,California,california.png
Eli Bowen,111,CB,Oklahoma,oklahoma.png
Elijah Rushing,112,ED,Oregon,oregon.png
Amare Ferrell,113,S,Indiana,indiana.png
Palmer Williams,114,P,Baylor,baylor.png
Xavier Chaplin,115,OT,Florida State,florida-state.png
LJ Martin,116,RB,BYU,byu.png
Keon Sabb,117,S,Alabama,alabama.png
Cameron Calhoun,118,CB,Ohio State,ohio-state.png
Joshisa Trader,119,WR,NC State,nc-state.png
Elijah Brown,120,QB,Washington,washington.png
Gabe VanSickle,121,IOL,Ohio State,ohio-state.png
Colin Hurley,122,QB,Michigan,michigan.png
Fletcher Westphal,123,OT,Florida,florida.png
Gatlin Bair,124,WR,Oregon,oregon.png
James Nesta,125,LB,Oklahoma,oklahoma.png
Jayshawn Ross,126,ED,Alabama,alabama.png
Kaleb Beasley,127,CB,Louisville,louisville.png
Luke Harpring,128,TE,Florida,florida.png
Kobe Black,129,CB,Texas,texas.png
Zion Kearney,130,WR,Wisconsin,wisconsin.png
Jaylen McClain,131,S,Ohio State,ohio-state.png
Kam Franklin,132,DL,Mississippi,mississippi.png
Koy Beasley,133,S,Purdue,purdue.png
Daniel James,134,CB,Cincinnati,cincinnati.png
Kyle Altuner,135,IOL,West Virginia,west-virginia.png
Jadyn Davis,136,QB,East Tennessee State,east-tennessee-state.png
Loghan Thomas,137,ED,Notre Dame,notre-dame.png
Jac'Qawn McRoy,138,OT,North Carolina,north-carolina.png
Marques Easley,139,OT,Georgia,georgia.png
Elija Lofton,140,TE,Miami (FL),miami-fl.png
Michael Uini,141,OT,Georgia,georgia.png
Luke Reynolds,142,TE,Virginia Tech,virginia-tech.png
Gabriel Reliford,143,DL,LSU,lsu.png
JJ Harrell,144,WR,Mississippi State,mississippi-state.png
Payton Pierce,145,LB,Ohio State,ohio-state.png
King Joseph Edwards,146,ED,Syracuse,syracuse.png
Daniel Hill,147,RB,Alabama,alabama.png
Caden Durham,148,RB,LSU,lsu.png
Noah Carter,149,ED,Georgia Tech,georgia-tech.png
Manasse Itete,150,IOL,Florida State,florida-state.png
Amari Jefferson,151,WR,Alabama,alabama.png
Jalewis Solomon,152,CB,South Carolina,south-carolina.png
Selman Bridges,153,CB,Arkansas,arkansas.png
Tank Hawkins,154,WR,Washington State,washington-state.png
Cai Bates,155,CB,Wisconsin,wisconsin.png
Xavier Filsaime,156,S,Texas,texas.png
Amaris Williams,157,ED,Georgia,georgia.png
Wardell Mack,158,CB,Texas,texas.png
Jason Brown,159,RB,Arizona State,arizona-state.png
Jaylen Heyward,160,S,UCF,ucf.png
Weston Davis,161,OT,LSU,lsu.png
Kolaj Cobbins,162,LB,LSU,lsu.png
Mark Schroller,163,OT,UCLA,ucla.png
D'antre Robinson,164,DL,Oregon,oregon.png
Elias Williams,165,DL,Florida,florida.png
Zaquan Patterson,166,S,Miami (FL),miami-fl.png
Carter Nelson,167,TE,Nebraska,nebraska.png
Davon Mitchell,168,TE,Oklahoma,oklahoma.png
Dillan Johnson,169,DL,Wisconsin,wisconsin.png
Eugene Brooks,170,IOL,Oklahoma,oklahoma.png
Jerrae Hawkins,171,WR,Florida,florida.png
Mike Matthews,172,WR,Tennessee,tennessee.png
Nasir Johnson,173,DL,Georgia,georgia.png
Steve Bolo Mboumoua,174,ED,Alabama,alabama.png
Andrew Dennis,175,IOL,Illinois,illinois.png
Jonathan Echols,176,TE,Auburn,auburn.png
Faletau Satuala,177,LB,BYU,byu.png
Kam Pringle,178,OT,South Carolina,south-carolina.png
Dashawn McBryde,179,S,LSU,lsu.png
Terrell Anderson,180,WR,USC,usc.png
Tavoy Feagin,181,CB,Clemson,clemson.png
Lawayne McCoy,182,WR,Louisville,louisville.png
Solomon Williams,183,ED,California,california.png
DD Holmes,184,ED,Florida State,florida-state.png
Jaiden Patterson,185,S,North Carolina,north-carolina.png
Elijah Groves,186,LB,NC State,nc-state.png
Jonathan Paylor,187,WR,NC State,nc-state.png
Jay Crawford,188,CB,Mississippi,mississippi.png
Cam Williams,189,WR,Notre Dame,notre-dame.png
Hauss Hejny,190,QB,Colorado State,colorado-state.png
Ryan Pellum,191,WR,Oregon,oregon.png
Max LeBlanc,192,TE,Ohio State,ohio-state.png
Bennett Warren,193,OT,Minnesota,minnesota.png
KD Daniels,194,RB,Wake Forest,wake-forest.png
Nigel Smith II,195,DL,Oklahoma,oklahoma.png
Kylan Billiot,196,WR,James Madison,james-madison.png
Lugard Edokpayi,197,ED,Michigan,michigan.png
Michael Turner Jr.,198,CB,LSU,lsu.png
Ondre Evans,199,CB,NC State,nc-state.png
Peyton Lewis,200,RB,Liberty,liberty.png
Shaq McRoy,201,OT,Oregon,oregon.png
Will Hammond,202,QB,Texas Tech,texas-tech.png
Jon Mitchell,203,CB,Penn State,penn-state.png
Jericho Johnson,204,DL,Oregon,oregon.png
Cam Dooley,205,S,Kentucky,kentucky.png
Brady Prieskorn,206,TE,Mississippi,mississippi.png
Bradley Shaw,207,LB,Arkansas,arkansas.png
Terry Bussey,208,WR,Texas A&M,texas-am.png
Dylan Stephenson,209,ED,Stanford,stanford.png
Izaiah Williams,210,WR,Kansas State,kansas-state.png
Aydin Breland,211,DL,Oregon,oregon.png
Dillon Gresham,212,WR,Oregon,oregon.png
Fox Crader,213,OT,Oregon,oregon.png
Derek Weisskopf,214,LB,Iowa,iowa.png
Dre'lon Miller,215,WR,Baylor,baylor.png
Antonio White Jr.,216,S,Rutgers,rutgers.png
Darien Mayo,217,DL,Clemson,clemson.png
Emerson Mandell,218,IOL,Wisconsin,wisconsin.png
Garrett Sexton,219,OT,Penn State,penn-state.png
Gus Hawkins,220,OT,Kansas State,kansas-state.png
Jeremiah Melvin,221,WR,Wake Forest,wake-forest.png
Jordan Lyle,222,RB,Miami (FL),miami-fl.png
Cheta Ofili,223,ED,TCU,tcu.png
Kameryn Fountain,224,DL,USC,usc.png
Kingston Lopa,225,S,Oregon,oregon.png
Perry Thompson,226,WR,Minnesota,minnesota.png
Reggie Powers III,227,S,Oklahoma,oklahoma.png
Ricardo Jones,228,S,Vanderbilt,vanderbilt.png
Tarrion Grant,229,CB,Purdue,purdue.png
Jamie Tremble,230,TE,Syracuse,syracuse.png
Justin Williams,231,LB,Georgia,georgia.png
Kevin Riley,232,RB,Alabama,alabama.png
Caedmon Crader,233,OT,Oregon,oregon.png
Jason Patterson,234,RB,Kentucky,kentucky.png
Justin Greene,235,ED,Georgia,georgia.png
Quintavius Johnson,236,ED,Georgia,georgia.png
Anthony Maddox,237,QB,Mississippi,mississippi.png
Gabriel Winowich,238,RB,Rutgers,rutgers.png
Isiah Canion,239,WR,Georgia,georgia.png
Jaden Smith,240,LB,Kentucky,kentucky.png
Jameer Grimsley,241,CB,Mississippi State,mississippi-state.png
Jimmar Boston,242,WR,NC State,nc-state.png
Jordan Washington,243,RB,Arizona,arizona.png
Cam Buffington,244,LB,Iowa,iowa.png
Christian Clark,245,RB,South Carolina,south-carolina.png
David Eziomume,246,RB,Clemson,clemson.png
Desman Stephens II,247,LB,USC,usc.png
Hevin Brown-Shuler,248,DL,Clemson,clemson.png
Jide Abasiri,249,DL,Minnesota,minnesota.png
KJ Duff,250,TE,Baylor,baylor.png
Myles Davis,251,S,Texas Tech,texas-tech.png
Tyler Cherry,252,QB,Indiana,indiana.png
Bryce Young,253,DL,Notre Dame,notre-dame.png
Jaydan Hardy,254,S,Colorado,colorado.png
Jordan Shipp,255,WR,North Carolina,north-carolina.png
Riley Sunram,256,DL,Minnesota,minnesota.png
Mason Curtis,257,LB,Michigan,michigan.png
Dwight Phillips Jr.,258,RB,Georgia,georgia.png
Jaylen Mbakwe,259,WR,Georgia Tech,georgia-tech.png
Air Noland,260,QB,Memphis,memphis.png
Rico Scott,261,WR,Alabama,alabama.png
Braylen Russell,262,RB,Arkansas,arkansas.png
Michael Smith,263,TE,Mississippi,mississippi.png
Dakyus Brinkley,264,LB,Kansas,kansas.png
Daniel Calhoun,265,OT,Georgia,georgia.png
I'Marion Stewart,266,WR,Michigan,michigan.png
Dealyn Evans,267,DL,Mississippi State,mississippi-state.png
William Satterwhite,268,IOL,LSU,lsu.png
Isaac Brown,269,RB,Louisville,louisville.png
Jaren Sensabaugh,270,CB,Missouri,missouri.png
Brian Robinson,271,DL,Kentucky,kentucky.png
Joseph Jonah-Ajonye,272,DL,Georgia,georgia.png
Bryce Cain,273,WR,Auburn,auburn.png
Christian Bentancur,274,TE,Clemson,clemson.png
Grant Stec,275,TE,Wisconsin,wisconsin.png
Jaylen Brown,276,DL,Missouri,missouri.png
Myles Graham,277,LB,Florida,florida.png
Nyier Daniels,278,OT,Georgia,georgia.png
Zina Umeozulu,279,ED,Texas,texas.png
Ian Moore,280,IOL,Ohio State,ohio-state.png
Ashton Funk,281,OT,Texas A&M,texas-am.png
Jerrick Gibson,282,RB,Purdue,purdue.png
Elias Rudolph,283,ED,Miami (FL),miami-fl.png
Brandon Baker,284,OT,Texas,texas.png
Daniel Cruz,285,IOL,NC State,nc-state.png
Brian Huff,286,LB,Missouri,missouri.png
Ryan Mack,287,CB,Miami (FL),miami-fl.png
Grant Brix,288,OT,Nebraska,nebraska.png
Jamonta Waller,289,ED,Arkansas,arkansas.png
Jeffery Rush,290,DL,Mississippi,mississippi.png
A'Mon Lane-Ganus,291,CB,Auburn,auburn.png
Freddie Dubose,292,WR,Texas,texas.png
Hogan Hansen,293,TE,Michigan,michigan.png
Joey Olsen,294,TE,USC,usc.png
Josiah Brown,295,WR,Penn State,penn-state.png
Ny Carr,296,WR,Wake Forest,wake-forest.png
Samaj Jones,297,QB,Cincinnati,cincinnati.png
Zion Ragins,298,WR,Mississippi State,mississippi-state.png
Luke Williams,299,S,Indiana,indiana.png
Mario Buford,300,CB,Nebraska,nebraska.png
Marcellus Barnes,301,CB,Wisconsin,wisconsin.png
Xavier Atkins,302,LB,LSU,lsu.png
Bryant Wesco,303,WR,Clemson,clemson.png
Ellis Davis,304,OT,Texas Tech,texas-tech.png
Guerby Lambert,305,OT,Notre Dame,notre-dame.png
Ryan Puglisi,306,QB,Georgia,georgia.png
Malcolm Ziglar,307,S,South Florida,south-florida.png
Adarius Hayes,308,LB,Miami (FL),miami-fl.png
Nate Kibble,309,IOL,Baylor,baylor.png
Paki Finau,310,IOL,BYU,byu.png
Dominic Kirks,311,DL,Northwestern,northwestern.png
Aaron Butler,312,WR,Texas,texas.png
Aeryn Hampton,313,WR,Alabama,alabama.png
Jalyn Crawford,314,CB,Auburn,auburn.png
Jordan Pride,315,S,Southern Miss,southern-miss.png
Peyton Morgan,316,S,Texas Tech,texas-tech.png
Kelvin Hunter,317,S,South Carolina,south-carolina.png
Ethan Calloway,318,OT,Wake Forest,wake-forest.png
Aaron Chiles,319,LB,Florida,florida.png
Boo Carter,320,S,Colorado,colorado.png
Xavier Lucas,321,S,Miami (FL),miami-fl.png
Rustin Young,322,OT,Michigan State,michigan-state.png
Sterling Dixon,323,ED,Alabama,alabama.png
Elijah Moore,324,WR,Syracuse,syracuse.png
Jamari Howard,325,CB,Florida State,florida-state.png
Corian Gipson,326,CB,Clemson,clemson.png
Santana Wilson,327,CB,Louisville,louisville.png
Armondo Blount,328,DL,Miami (FL),miami-fl.png
Jake Merklinger,329,QB,UConn,uconn.png
Gabe Williams,330,LB,Virginia Tech,virginia-tech.png
Mylachi Williams,331,DL,Virginia Tech,virginia-tech.png
Ricky Knight III,332,CB,Florida State,florida-state.png
Taylor Tatum,333,RB,Michigan,michigan.png
DJ Warner,334,ED,Kansas,kansas.png
Max Anderson,335,OT,Kentucky,kentucky.png
Kylan Fox,336,TE,Purdue,purdue.png
Walker White,337,QB,Central Arkansas,central-arkansas.png
Kavion Henderson,338,ED,Arkansas,arkansas.png
Emmett Laws,339,DL,Virginia Tech,virginia-tech.png
Trey Owens,340,QB,Arkansas State,arkansas-state.png
Trajen Greco,341,S,Missouri,missouri.png
Isendre Ahfua,342,IOL,Texas A&M,texas-am.png
CJ Jackson,343,ED,LSU,lsu.png
Joel Rogers,344,S,LSU,lsu.png
Kamron Beavers,345,DL,Mississippi,mississippi.png
PJ Woodland,346,CB,LSU,lsu.png
Terhyon Nichols,347,CB,Kentucky,kentucky.png
Aneyas Williams,348,RB,Notre Dame,notre-dame.png
Jacob Ponton,349,OT,Texas Tech,texas-tech.png
Matthew Fuller,350,RB,Georgia,georgia.png
Marquis Gallegos,351,S,USC,usc.png
Micah Hudson,352,WR,Texas Tech,texas-tech.png
Kwazi Gilmer,353,WR,Nebraska,nebraska.png
Kam Mikell,354,WR,Colorado,colorado.png
Aaron Scott Jr.,355,CB,Oregon,oregon.png
Josiah Thompson,356,OT,South Carolina,south-carolina.png
Luke Kromenhoek,357,QB,South Florida,south-florida.png
Dashawn Spears,358,S,LSU,lsu.png
Francis Brewu,359,DL,Notre Dame,notre-dame.png
Malcolm Simmons,360,WR,Texas Tech,texas-tech.png
Dakoda Fields,361,CB,Oklahoma,oklahoma.png
Gavin Hoffman,362,TE,Iowa,iowa.png
AJ Surace,363,QB,Rutgers,rutgers.png
Aidan Banfield,364,IOL,North Carolina,north-carolina.png
Kevin Heywood,365,OT,Wisconsin,wisconsin.png
Jordan Thomas,366,DL,South Carolina,south-carolina.png
Michael Hawkins,367,QB,West Virginia,west-virginia.png
Parker Livingstone,368,WR,Oklahoma,oklahoma.png
Cooper Cousins,369,IOL,Penn State,penn-state.png
Chance Robinson,370,WR,Miami (FL),miami-fl.png
Ethan Grunkemeyer,371,QB,Virginia Tech,virginia-tech.png
Isaiah Garcia,372,OT,Utah,utah.png
Jo'Ziah Edmond,373,CB,Michigan,michigan.png
Marcelles Williams,374,CB,USC,usc.png
Will Nolan,375,OT,Iowa,iowa.png
Ashton Bethel-Roman,376,WR,Texas A&M,texas-am.png
Keylen Adams,377,WR,Virginia Tech,virginia-tech.png
Amir Jackson,378,TE,Florida,florida.png
Elyjah Thurmon,379,IOL,Clemson,clemson.png
Landen Thomas,380,TE,Florida State,florida-state.png
Blake Ivy,381,OT,Texas A&M,texas-am.png
Casey Poe,382,IOL,Alabama,alabama.png
Courtney Crutchfield,383,WR,Missouri,missouri.png
Eddrick Houston,384,DL,Ohio State,ohio-state.png
Nitro Tuggle,385,WR,South Carolina,south-carolina.png
Xavier Jordan,386,WR,USC,usc.png
Cayden Jones,387,LB,Alabama,alabama.png
Justice Williams,388,WR,Colorado,colorado.png
Demello Jones,389,S,Georgia,georgia.png
Liam Andrews,390,DL,Penn State,penn-state.png
Donovan Harbour,391,IOL,Penn State,penn-state.png
Marcus Harrison,392,OT,Georgia,georgia.png
Mylan Graham,393,WR,Notre Dame,notre-dame.png
Preston Taumua,394,IOL,Nebraska,nebraska.png
Tayvion Galloway,395,TE,Purdue,purdue.png
Travaris Banks,396,CB,Mississippi,mississippi.png
Walter Matthews,397,TE,USC,usc.png
Max Granville,398,DL,Penn State,penn-state.png
Jeremiah Beaman,399,DL,Alabama,alabama.png
Carlon Jones,400,DL,Arkansas,arkansas.png
Makai Saina,401,IOL,Purdue,purdue.png
Brandon Davis-Swain,402,ED,Texas A&M,texas-am.png
Kam Davis,403,RB,Liberty,liberty.png
Elijah Newby,404,LB,USC,usc.png
Demarcus Riddick,405,LB,Auburn,auburn.png
Cole Sullivan,406,LB,Oklahoma,oklahoma.png
Dermaricus Davis,407,QB,UCLA,ucla.png
Gregory Smith,408,S,Florida,florida.png
Williams Nwaneri,409,DL,Nebraska,nebraska.png
Mazeo Bennett,410,WR,South Carolina,south-carolina.png
Booker Pickett Jr.,411,ED,Miami (FL),miami-fl.png
Caleb Odom,412,TE,Alabama,alabama.png
Charles Lester III,413,CB,Florida State,florida-state.png
Dontae Carter,414,S,Vanderbilt,vanderbilt.png
Fred Johnson,415,LB,South Carolina,south-carolina.png
Jacob Smith,416,ED,Kentucky,kentucky.png
Jordan Marshall,417,RB,Michigan,michigan.png
Kamar Mothudi,418,LB,Oregon,oregon.png
Micahi Danzy,419,RB,Florida State,florida-state.png
Jeremy Payne,420,RB,TCU,tcu.png
James Peoples,421,RB,Penn State,penn-state.png
Benedict Umeh,422,ED,Stanford,stanford.png
Peyton Woodyard,423,S,Oregon,oregon.png
Micah Gilbert,424,WR,Notre Dame,notre-dame.png
Dilin Jones,425,RB,LSU,lsu.png
Jonathan Daniels,426,OT,Florida State,florida-state.png
Edwin Spillman,427,LB,Tennessee,tennessee.png
Isaac Wilson,428,QB,Colorado,colorado.png
Decker Degraaf,429,TE,Washington,washington.png
Amaree Williams,430,TE,Mississippi State,mississippi-state.png
Michael Van Buren,431,QB,South Florida,south-florida.png
Devon Baxter,432,ED,Virginia,virginia.png
Jadan Baugh,433,RB,Florida,florida.png
Ory Williams,434,OT,Tennessee,tennessee.png
Caleb Holmes,435,IOL,Pittsburgh,pittsburgh.png
Marquise Lightfoot,436,ED,Miami (FL),miami-fl.png
Xadavien Sims,437,DL,Oregon,oregon.png
Ify Obidegwu,438,CB,Oregon,oregon.png
Jelani Watkins,439,WR,Arkansas,arkansas.png
Garrett Stover,440,LB,Ohio State,ohio-state.png
Miles O'Neill,441,QB,North Carolina,north-carolina.png
Nathan Roy,442,IOL,Minnesota,minnesota.png
Dominick McKinley,443,DL,LSU,lsu.png
Jeremiah McClellan,444,WR,Oregon,oregon.png
Jacob Oden,445,S,Michigan,michigan.png
Dylan Williams,446,LB,Oregon,oregon.png
Charlie Collins,447,DL,Arkansas,arkansas.png
Emanuel Ross,448,WR,Rutgers,rutgers.png
Jaden Reddell,449,TE,Georgia,georgia.png
De'Myrion Johnson,450,DL,LSU,lsu.png
Danny Okoye,451,ED,Oklahoma,oklahoma.png
Dejuan Lane,452,S,Penn State,penn-state.png
Noah Dixon,453,S,Clemson,clemson.png
Waltclaire Flynn Jr.,454,IOL,UCF,ucf.png
Kellen Lindstrom,455,ED,Tennessee,tennessee.png
Styles Prescod,456,IOL,Notre Dame,notre-dame.png
Witt Edwards,457,TE,Oklahoma,oklahoma.png
William Sanders,458,IOL,Alabama,alabama.png
Quinton Martin,459,RB,Penn State,penn-state.png
Jason Zandamela,460,IOL,Florida,florida.png
Joe Phillips,461,ED,Auburn,auburn.png
Bryce West,462,CB,Wisconsin,wisconsin.png
Tylen Singleton,463,LB,LSU,lsu.png
Kedren Young,464,RB,Notre Dame,notre-dame.png
Jerod Smith II,465,ED,Louisville,louisville.png
Wendell Gregory,466,ED,Kansas State,kansas-state.png
Vaboue Toure,467,S,Penn State,penn-state.png
Brayden Platt,468,LB,Oregon,oregon.png
Red Morgan,469,S,Alabama,alabama.png
Kris Jones,470,LB,Georgia,georgia.png
Gekyle Baker,471,WR,TCU,tcu.png
Braylon Burnside,472,S,Mississippi State,mississippi-state.png
Chauncey Bowens,473,RB,Georgia,georgia.png
Jordon Johnson-Rubell,474,CB,Texas,texas.png
Corey Smith,475,RB,Penn State,penn-state.png
Ernest Willor Jr.,476,DL,Wisconsin,wisconsin.png
Zavier Mincey,477,S,Alabama,alabama.png
Tawaski Abrams,478,WR,Florida,florida.png
DeAndre Carter,479,IOL,Iowa State,iowa-state.png
Brandon Jacob,480,S,Maryland,maryland.png
Ju’Juan Johnson,481,RB,Syracuse,syracuse.png
Ryner Swanson,482,TE,BYU,byu.png
Aaron Flowers,483,S,Oregon,oregon.png
Ivan Carreon,484,WR,Oklahoma,oklahoma.png
Artavius Jones,485,DL,Miami (FL),miami-fl.png
Keon Keeley,486,ED,Notre Dame,notre-dame.png
Adepoju Adebawore,487,ED,Oklahoma,oklahoma.png
Rueben Owens,488,RB,Texas A&M,texas-am.png
Jordan Hall,489,DL,Georgia,georgia.png
D.J. Hicks,490,DL,Texas A&M,texas-am.png
Duce Robinson,491,WR,Florida State,florida-state.png
Raylen Wilson,492,LB,Georgia,georgia.png
C.J. Baxter,493,RB,Kentucky,kentucky.png
Joenel Aguero,494,S,Mississippi,mississippi.png
Jackson Arnold,495,QB,UNLV,unlv.png
Da'Shawn Womack,496,ED,Auburn,auburn.png
Malachi Nelson,497,QB,Syracuse,syracuse.png
J'ven Williams,498,OT,Penn State,penn-state.png
Cormani McClain,499,CB,Florida,florida.png
Nico Iamaleava,500,QB,UCLA,ucla.png
Vic Burley,501,DL,Clemson,clemson.png
Hykeem Williams,502,WR,Colorado,colorado.png
Samson Okunlola,503,OT,Miami (FL),miami-fl.png
Kylin Jackson,504,S,TCU,tcu.png
Tausili Akana,505,LB,BYU,byu.png
Anthony Donkoh,506,OT,Penn State,penn-state.png
Luke Montgomery,507,IOL,Ohio State,ohio-state.png
Elijah Paige,508,OT,USC,usc.png
Jahlil Hurley,509,CB,Kansas,kansas.png
Rodrick Pleasant,510,CB,UCLA,ucla.png
Justice Haynes,511,RB,Georgia Tech,georgia-tech.png
Ta'Mere Robinson,512,LB,USC,usc.png
Michael Harris,513,LB,Maryland,maryland.png
Daylen Austin,514,CB,Arizona,arizona.png
Grayson Howard,515,LB,South Florida,south-florida.png
Harris Sewell,516,IOL,Clemson,clemson.png
Ryan Niblett,517,WR,Texas,texas.png
Anthony Evans III,518,WR,Mississippi State,mississippi-state.png
Lincoln Kienholz,519,QB,Louisville,louisville.png
Kedrick Reescano,520,RB,Arizona,arizona.png
Roderick Kearney,521,OT,Florida,florida.png
Jamel Johnson,522,S,TCU,tcu.png
Cordale Russell,523,WR,Stephen F. Austin,stephen-f-austin.png
Lucas Simmons,524,OT,Florida State,florida-state.png
Jordan Bass,525,LB,Virginia Tech,virginia-tech.png
Ian Reed,526,IOL,Clemson,clemson.png
Quinten Joyner,527,RB,Texas Tech,texas-tech.png
Collins Acheampong,528,ED,Bowling Green,bowling-green.png
Jayden Wayne,529,ED,California,california.png
Chimdy Onoh,530,OT,Penn State,penn-state.png
Samuel Singleton Jr.,531,RB,Florida State,florida-state.png
Javien Toviano,532,S,LSU,lsu.png
Caleb Herring,533,ED,South Carolina,south-carolina.png
Derek Williams Jr.,534,S,Texas,texas.png
Cooper Flanagan,535,TE,Notre Dame,notre-dame.png
Andrew Rappleyea,536,TE,Penn State,penn-state.png
King Mack,537,S,NC State,nc-state.png
Daevin Hobbs,538,DL,Tennessee,tennessee.png
Kam Robinson,539,LB,Virginia,virginia.png
Tony Rojas,540,LB,Penn State,penn-state.png
Mark Fletcher,541,RB,Miami (FL),miami-fl.png
Dijon Johnson,542,CB,Florida,florida.png
Teitum Tuioti,543,ED,Oregon,oregon.png
Jacobe Johnson,544,CB,Oklahoma,oklahoma.png
Colton Vasek,545,ED,Texas,texas.png
Robert Stafford,546,CB,UCLA,ucla.png
Ja'Keem Jackson,547,CB,LSU,lsu.png
Jayvon Thomas,548,CB,SMU,smu.png
Djay Braswell,549,RB,Georgia State,georgia-state.png
Jaden Greathouse,550,WR,Notre Dame,notre-dame.png
Jalen Hale,551,WR,SMU,smu.png
Tyree Adams,552,OT,Texas A&M,texas-am.png
Johntay Cook II,553,WR,Mississippi,mississippi.png
Christian Gray,554,CB,Notre Dame,notre-dame.png
Lawson Luckie,555,TE,Georgia,georgia.png
Olaus Alinen,556,OT,Kentucky,kentucky.png
Dezz Ricks,557,CB,Texas A&M,texas-am.png
D.J. Chester,558,IOL,Mississippi State,mississippi-state.png
Nyziah Hunter,559,WR,Nebraska,nebraska.png
Hunter Osborne,560,DL,Arkansas,arkansas.png
Riley Williams,561,TE,Mississippi State,mississippi-state.png
Shelton Sampson Jr.,562,WR,Louisiana-Lafayette,louisiana-lafayette.png
Edric Hill,563,DL,Alabama,alabama.png
Tyler White,564,P,Texas A&M,texas-am.png
Jelani Thurman,565,TE,North Carolina,north-carolina.png
Tackett Curtis,566,LB,UCF,ucf.png
Samuel Omosigho,567,LB,UCLA,ucla.png
Dante Dowdell,568,RB,Georgia,georgia.png
Kelby Collins,569,DL,South Carolina,south-carolina.png
Andrew Depaepe,570,DL,UMass,umass.png
Bo Hughley,571,OT,Colorado,colorado.png
Jaquaize Pettaway,572,WR,East Carolina,east-carolina.png
T.J. Shanahan,573,IOL,Florida,florida.png
James Smith,574,DL,Ohio State,ohio-state.png
Malik Hartford,575,S,UCLA,ucla.png
Iapani Laloulu,576,IOL,Oregon,oregon.png
Drayk Bowen,577,LB,Notre Dame,notre-dame.png
Noah Rogers,578,WR,Alabama,alabama.png
John Walker,579,DL,Ohio State,ohio-state.png
Ty Lockwood,580,TE,Arkansas,arkansas.png
Enow Etta,581,DL,Michigan,michigan.png
Aidan Chiles,582,QB,Northwestern,northwestern.png
Qua Russaw,583,ED,Ohio State,ohio-state.png
Rico Flores,584,WR,Virginia,virginia.png
Adon Shuler,585,S,Notre Dame,notre-dame.png
Elliot Washington II,586,CB,Clemson,clemson.png
Stanton Ramil,587,OT,Auburn,auburn.png
Stephiylan Green,588,DL,LSU,lsu.png
Kaleb Jackson,589,RB,North Carolina,north-carolina.png
Malik Bryant,590,ED,Missouri,missouri.png
Jalen Brown,591,WR,Arkansas,arkansas.png
Cole Martin,592,CB,UCLA,ucla.png
Brandon Inniss,593,WR,Ohio State,ohio-state.png
Treyaun Webb,594,RB,Appalachian State,appalachian-state.png
Jamaal Jarrett,595,DL,USC,usc.png
Shamar Easter,596,TE,North Carolina,north-carolina.png
Roderick Robinson II,597,RB,UAB,uab.png
Ethan Davis,598,TE,Tennessee,tennessee.png
Jaden Rashada,599,QB,Mississippi State,mississippi-state.png
Luke Hasz,600,TE,Mississippi,mississippi.png
Eugene Wilson III,601,WR,LSU,lsu.png
Austin Novosad,602,QB,Bowling Green,bowling-green.png
Hunter Clegg,603,ED,BYU,byu.png
Alex Birchmeier,604,IOL,Liberty,liberty.png
Ka'morreun Pimpton,605,TE,TCU,tcu.png
Joshua Mickens,606,ED,UConn,uconn.png
Cameron Seldon,607,WR,South Florida,south-florida.png
DeAndre Moore Jr.,608,WR,Colorado,colorado.png
Tree Babalade,609,OT,Nebraska,nebraska.png
Jyaire Hill,610,CB,Michigan,michigan.png
Malachi Coleman,611,WR,Minnesota,minnesota.png
DaKaari Nelson,612,LB,NC State,nc-state.png
Pearce Spurlin III,613,TE,Colorado State,colorado-state.png
Arion Carter,614,LB,Tennessee,tennessee.png
Dylan Edwards,615,RB,Kansas,kansas.png
Richard Young,616,RB,Colorado,colorado.png
Desmond Umeozulu,617,ED,Alabama,alabama.png
Randon Fontenette,618,LB,Colorado,colorado.png
Brett Norfleet,619,TE,Missouri,missouri.png
Jaxon Howard,620,ED,Minnesota,minnesota.png
Braylan Shelby,621,ED,USC,usc.png
Kamran James,622,ED,Florida,florida.png
Gabe Harris,623,ED,Georgia,georgia.png
Xzavier McLeod,624,DL,Georgia,georgia.png
Markis Deal,625,DL,TCU,tcu.png
Jaydon Chatman,626,OT,Texas,texas.png
Wilkin Formby,627,OT,Texas A&M,texas-am.png
Jordan Renaud,628,ED,Mississippi,mississippi.png
Austin Mack,629,QB,Alabama,alabama.png
Avery Johnson,630,QB,Kansas State,kansas-state.png
Dalton Brooks,631,S,Texas A&M,texas-am.png
Damari Brown,632,CB,Miami (FL),miami-fl.png
Evan Link,633,OT,Michigan,michigan.png
Hank Brown,634,QB,Iowa,iowa.png
Devon Dampier,635,QB,Utah,utah.png
Brock Taylor,636,K,Vanderbilt,vanderbilt.png
Marcus Ratcliffe,637,S,Texas A&M,texas-am.png
Davaughn Patterson,638,S,Wake Forest,wake-forest.png
Ben Taylor-Whitfield,639,OT,TCU,tcu.png
BJ Williams,640,IOL,Pittsburgh,pittsburgh.png
Alexander Doost,641,IOL,Arizona,arizona.png
Peyton Woodring,642,K,Georgia,georgia.png
Cruce Brookins,643,S,Pittsburgh,pittsburgh.png
Kerry Brown,644,S,Minnesota,minnesota.png
Carl Williams IV,645,S,Oregon,oregon.png
Carter Davis,646,S,Boston College,boston-college.png
Tyler Brown,647,WR,Clemson,clemson.png
Alex Kilgore,648,LB,SMU,smu.png
Caden Jenkins,649,CB,North Texas,north-texas.png
Jayce Brown,650,WR,LSU,lsu.png
Nate Johnson,651,ED,Auburn,auburn.png
Stanquan Clark,652,LB,Louisville,louisville.png
Darius Taylor,653,RB,Minnesota,minnesota.png
Chris Johnson Jr.,654,RB,Clemson,clemson.png
Phillip Daniels,655,OT,Ohio State,ohio-state.png
Judge Collier,656,CB,South Carolina,south-carolina.png
Nicolas Radicic,657,K,Indiana,indiana.png
London Humphreys,658,WR,Georgia,georgia.png
Martel Hight,659,CB,Vanderbilt,vanderbilt.png
Aidan Flintoft,660,P,Stanford,stanford.png
Ja'Bril Rawls,661,S,Florida State,florida-state.png
Mikey Matthews,662,WR,UCLA,ucla.png
Tyler Johnson,663,IOL,Kansas State,kansas-state.png
Declan Duley,664,P,Central Michigan,central-michigan.png
Jarra Anderson,665,DL,Sam Houston State,sam-houston-state.png
Benjamin Brahmer,666,TE,Penn State,penn-state.png
David Olano,667,K,Texas A&M,texas-am.png
Joey Schlaffer,668,TE,Temple,temple.png
Will Whitson,669,DL,Mississippi State,mississippi-state.png
Evan Tengesdahl,670,IOL,Cincinnati,cincinnati.png
Conor Talty,671,K,Alabama,alabama.png
Kaden Feagin,672,TE,Illinois,illinois.png
Sedrick Alexander,673,RB,Vanderbilt,vanderbilt.png
Jahiem White,674,RB,West Virginia,west-virginia.png
Hudson Kaak,675,P,Auburn,auburn.png
Dion Crawford,676,LB,Buffalo,buffalo.png
Amare Thomas,677,WR,Houston,houston.png
Michael Kilbane,678,ED,Northwestern,northwestern.png
Brandon Henderson,679,IOL,Illinois,illinois.png
Trey Dubuc,680,LS,Texas,texas.png
Jaylen Raynor,681,QB,Iowa State,iowa-state.png
Chandavian Bradley,682,ED,Oklahoma State,oklahoma-state.png
Elijah Prather,683,IOL,Troy,troy.png
Griffin Wilde,684,WR,Northwestern,northwestern.png
Kam Shanks,685,WR,Wake Forest,wake-forest.png
Tony Mitchell,686,S,Mississippi,mississippi.png
Zach Rice,687,IOL,Syracuse,syracuse.png
Jaylen Sneed,688,LB,Notre Dame,notre-dame.png
Jaheim Singletary,689,CB,Iowa State,iowa-state.png
Chris Marshall,690,WR,Arkansas,arkansas.png
Conner Weigman,691,QB,Houston,houston.png
Evan Stewart,692,WR,Oregon,oregon.png
Gabriel Brownlow-Dindy,693,DL,South Carolina,south-carolina.png
C.J. Hicks,694,ED,South Florida,south-florida.png
Jeremiah Alexander,695,ED,Clemson,clemson.png
Kaden Helms,696,TE,Minnesota,minnesota.png
Gunner Stockton,697,QB,Georgia,georgia.png
Darris Smith,698,ED,Missouri,missouri.png
Isaiah Horton,699,WR,Texas A&M,texas-am.png
M.J. Morris,700,QB,Texas,texas.png
Talyn Shettron,701,WR,Oklahoma State,oklahoma-state.png
Omari Abor,702,ED,SMU,smu.png
Jayden Gibson,703,WR,South Carolina,south-carolina.png
Walker Howard,704,QB,Mississippi,mississippi.png
Patrick Kutas,705,IOL,Mississippi,mississippi.png
Carson Hinzman,706,IOL,Ohio State,ohio-state.png
Jaheim Oatis,707,DL,Mississippi,mississippi.png
Kamari Wilson,708,S,West Virginia,west-virginia.png
George Pettaway,709,RB,James Madison,james-madison.png
Antonio Kite,710,CB,Mississippi,mississippi.png
Jaleel Skinner,711,TE,Louisville,louisville.png
Emar'rion Winston,712,ED,Arizona State,arizona-state.png
Jacob Sexton,713,OT,Oklahoma State,oklahoma-state.png
Tegra Tshabola,714,IOL,Kentucky,kentucky.png
Branson Robinson,715,RB,Georgia State,georgia-state.png
Gentry Williams,716,CB,Georgia,georgia.png
Gavin Sawchuk,717,RB,Northwestern,northwestern.png
Nick Evers,718,QB,Missouri,missouri.png
Neto Umeozulu,719,IOL,Texas,texas.png
Anto Saka,720,ED,Texas A&M,texas-am.png
Devin Brown,721,QB,Weber State,weber-state.png
Bryce Anderson,722,S,Texas A&M,texas-am.png
A.J. Swann,723,QB,Mississippi State,mississippi-state.png
Enai White,724,ED,Oklahoma State,oklahoma-state.png
Joe Brunner,725,IOL,Indiana,indiana.png
Dave Iuli,726,IOL,Oregon,oregon.png
Julio Humphrey,727,CB,Texas A&M,texas-am.png
Devon Jackson,728,LB,Oregon,oregon.png
J’Mond Tapp,729,ED,Memphis,memphis.png
Jacoby Mathews,730,S,Auburn,auburn.png
Keenan Nelson Jr.,731,S,Ohio State,ohio-state.png
Jyaire Brown,732,CB,Southern Miss,southern-miss.png
Andre Greene Jr.,733,WR,Virginia,virginia.png
Jack Pedersen,734,TE,Washington State,washington-state.png
Maalik Murphy,735,QB,Oregon State,oregon-state.png
Hero Kanu,736,DL,Texas,texas.png
Donovan Green,737,TE,Oklahoma State,oklahoma-state.png
Quency Wiggins,738,ED,Colorado,colorado.png
Jake Johnson,739,TE,Auburn,auburn.png
Benji Gosnell,740,TE,Virginia Tech,virginia-tech.png
Dallan Hayden,741,RB,Colorado,colorado.png
Kaden Saunders,742,WR,Penn State,penn-state.png
Alex McPherson,743,K,Auburn,auburn.png
Samuel Okunlola,744,ED,Virginia Tech,virginia-tech.png
Jaylin Lucas,745,RB,Florida State,florida-state.png
Donovan Saunders,746,CB,Purdue,purdue.png
Byrum Brown,747,QB,Auburn,auburn.png
Trevyon Green,748,OT,North Carolina,north-carolina.png
Matthew Bailey,749,S,Illinois,illinois.png
Alex Bacchetta,750,P,Georgia Tech,georgia-tech.png
Jordan Dwyer,751,WR,TCU,tcu.png
Beau Atkinson,752,ED,Ohio State,ohio-state.png
Tellek Lockette,753,IOL,Texas State,texas-state.png
Robert Gunn,754,K,Clemson,clemson.png
Ethan Moczulski,755,K,Illinois,illinois.png
Toby Payne,756,TE,Marshall,marshall.png
Jeremiah Cooper,757,CB,Penn State,penn-state.png
Cooper Barkate,758,WR,Miami (FL),miami-fl.png
Iverson Hooks,759,WR,Oregon,oregon.png
Nic Anderson,760,WR,Kentucky,kentucky.png
Asani Redwood,761,DL,West Virginia,west-virginia.png
Teague Andersen,762,IOL,NC State,nc-state.png
Kevin Jennings,763,QB,SMU,smu.png
Ryan Baer,764,IOL,Pittsburgh,pittsburgh.png
Beau Pribula,765,QB,Virginia,virginia.png
Jayden McGowan,766,WR,Charlotte,charlotte.png
Aidan Gousby,767,S,Minnesota,minnesota.png
Isaiah Brown-Murray,768,CB,Virginia Tech,virginia-tech.png
Sean FitzSimmons,769,DL,Pittsburgh,pittsburgh.png
Max Fletcher,770,P,Cincinnati,cincinnati.png
Bryce McFerson,771,P,Maryland,maryland.png
Jaron Glover,772,WR,Mississippi State,mississippi-state.png
Amari Jackson,773,CB,Maryland,maryland.png
Noah Fifita,774,QB,Arizona,arizona.png
Braelin Moore,775,IOL,LSU,lsu.png
Drew Azzopardi,776,OT,Washington,washington.png
Will Bettridge,777,K,Virginia,virginia.png
Rino Monteforte,778,LS,California,california.png
Fisher Camac,779,ED,Virginia,virginia.png
Nate Merchant,780,LS,Coastal Carolina,coastal-carolina.png
Jay'Vion Cole,781,CB,Arizona,arizona.png
Eli Stein,782,LS,Cincinnati,cincinnati.png
John Love,783,K,Virginia Tech,virginia-tech.png
Justin Kirkland,784,DL,BYU,byu.png
Desmeal Leigh,785,OT,Youngstown State,youngstown-state.png
James Williams,786,ED,Oklahoma State,oklahoma-state.png
Sam Huard,787,QB,USC,usc.png
J.K. Johnson,788,CB,Florida Atlantic,florida-atlantic.png
Ezra Dotson-Oyetade,789,IOL,Texas State,texas-state.png
Wilfredo Aybar,790,ED,Stanford,stanford.png
Jake Garcia,791,QB,Michigan,michigan.png
Jardin Gilbert,792,S,Mississippi State,mississippi-state.png
Cody Jackson,793,WR,Iowa State,iowa-state.png
Destyn Hill,794,WR,Tulane,tulane.png
Jabari Ishmael,795,ED,Memphis,memphis.png
Prophet Brown,796,CB,USC,usc.png
Derrick Davis Jr.,797,RB,Pittsburgh,pittsburgh.png
Carlos Del Rio-Wilson,798,QB,Marshall,marshall.png
Evan Pryor,799,RB,Florida,florida.png
Dylan Brooks,800,ED,Missouri State,missouri-state.png
Tunmise Adeleye,801,DL,Syracuse,syracuse.png
Rod Moore,802,S,Michigan,michigan.png
Horatio Fields,803,WR,Mississippi,mississippi.png
Corey Platt Jr.,804,LB,Texas Tech,texas-tech.png
Isaiah Glasker,805,LB,BYU,byu.png
Dominick Giudice,806,IOL,Missouri,missouri.png
Jaden Bray,807,WR,West Virginia,west-virginia.png
Noah Josey,808,IOL,Virginia,virginia.png
Cole Rusk,809,TE,Arizona,arizona.png
DeAndre Boykins,810,CB,Florida International,florida-international.png
Laurence Seymore,811,IOL,Texas,texas.png
Ryder Langsdale,812,OT,Rutgers,rutgers.png
Justin Flowe,813,LB,UNLV,unlv.png
Max Johnson,814,QB,Georgia Southern,georgia-southern.png
Andrew Gentry,815,OT,BYU,byu.png
Troy Omeire,816,WR,UNLV,unlv.png
Monroe Mills,817,OT,Virginia,virginia.png
T.J. Finley,818,QB,Incarnate Word,incarnate-word.png
Keanu Tanuvasa,819,DL,BYU,byu.png
Braydon Bennett,820,RB,Virginia Tech,virginia-tech.png
Tavian Coleman,821,DL,Colorado,colorado.png
Mohamed Toure,822,LB,Miami (FL),miami-fl.png
John Nestor,823,CB,Minnesota,minnesota.png
Wes King,824,IOL,West Virginia,west-virginia.png
Emmanuel Poku,825,IOL,South Carolina,south-carolina.png
TJ Bush,826,ED,Minnesota,minnesota.png
Smith Snowden,827,CB,Michigan,michigan.png
Waymond Jordan,828,RB,USC,usc.png
Kolt Dieterich,829,OT,Washington,washington.png
Jacarrius Peak,830,OT,South Carolina,south-carolina.png
Khalil Barnes,831,S,Georgia,georgia.png
Makhi Hughes,832,RB,Houston,houston.png
Zeke Berry,833,S,Michigan,michigan.png
Jontez Williams,834,CB,USC,usc.png
Kemari Copeland,835,DL,Virginia Tech,virginia-tech.png
Kadin Lynch,836,IOL,Utah State,utah-state.png
Jordan Castell,837,S,Kentucky,kentucky.png
Rylan Kennedy,838,ED,Florida State,florida-state.png
Tobi Osunsanmi,839,ED,Indiana,indiana.png
Knijeah Harris,840,IOL,Florida,florida.png
Austin Romaine,841,LB,Texas Tech,texas-tech.png
DJ McKinney,842,CB,Notre Dame,notre-dame.png
Clev Lubin,843,ED,Louisville,louisville.png
Adonijah Green,844,DL,Louisville,louisville.png
Jaden Craig,845,QB,TCU,tcu.png
Amare Campbell,846,LB,Tennessee,tennessee.png
Gabe Burkle,847,TE,Penn State,penn-state.png
Kayin Lee,848,CB,Auburn,auburn.png
C.J. Fite,849,DL,Arizona State,arizona-state.png
Carlos Hernandez,850,WR,Wake Forest,wake-forest.png
Dean Miller,851,ED,Kansas,kansas.png
Cole Rhett,852,OT,Toledo,toledo.png
Kanye Udoh,853,RB,Liberty,liberty.png
Ashton Stamps,854,CB,Arizona State,arizona-state.png
Rocco Becht,855,QB,Penn State,penn-state.png
Eli Holstein,856,QB,Virginia,virginia.png
Datrell Jones,857,WR,Holy Cross,holy-cross.png
Quintrevion Wisner,858,RB,Florida State,florida-state.png
Ben Murawski,859,IOL,Michigan State,michigan-state.png
Ian Strong,860,WR,California,california.png
Christian Alliegro,861,LB,Ohio State,ohio-state.png
Hollywood Smothers,862,RB,Texas,texas.png
Greg Johnson,863,IOL,Minnesota,minnesota.png
Theo Melin Ohrstrom,864,TE,SMU,smu.png
Jimarion McCrimon,865,OT,East Carolina,east-carolina.png
KP Price,866,S,Boston College,boston-college.png
Trent Walker,867,WR,Houston,houston.png
Ty Morris,868,LB,Rutgers,rutgers.png
Caleb Woodson,869,LB,Alabama,alabama.png
Terry Moore,870,S,Ohio State,ohio-state.png
Bryson Washington,871,RB,Auburn,auburn.png
McKale Boley,872,IOL,Virginia,virginia.png
Santana Hopper,873,ED,Colorado,colorado.png
Kenny Johnson,874,WR,Pittsburgh,pittsburgh.png
Tao Johnson,875,S,UCLA,ucla.png
Trey White,876,ED,Texas Tech,texas-tech.png
Geimere Latimer,877,CB,West Virginia,west-virginia.png
Marcel Reed,878,QB,Texas A&M,texas-am.png